Year,="Calibration Data: Energy Balance Model.Surface Temperature Anomaly[1]",="Run 1: Energy Balance Model.Surface Temperature Anomaly[1]",="Calibration Data: Emissions.Total CO2 Emissions[1]",="Run 1: Emissions.Total CO2 Emissions[1]",="Calibration Data: Emissions.CO2 emissions from Energy[1]",="Run 1: Emissions.CO2 emissions from Energy[1]",="Calibration Data: Emissions.CO2 Emissions from Food and Land Use[1]",="Run 1: Emissions.CO2 Emissions from Food and Land Use[1]",="Run 1: solar energy.Current Solar Capacity[1]",="Run 1: wind energy.Current Wind Capacity[1]",="Run 1: bio fuel energy.bio fuel production Capacity[1]",="Calibration Data: bio fuel energy.bio fuel production[1]",="Run 1: bio fuel energy.bio fuel production[1]",="Run 1: fossil energy coal.Fossil Energy and Fuel Capital[1]",="Run 1: fossil energy gas.Fossil Energy and Fuel Capital[1]",="Run 1: fossil energy oil.Fossil Energy and Fuel Capital[1]",="Calibration Data: hydropower energy.Hydropower Energy Capacity[1]",="Run 1: hydropower energy.Hydropower Energy Capacity[1]",="Calibration Data: nuclear energy.Nuclear Energy Capacity[1]",="Run 1: nuclear energy.Nuclear Energy Capacity[1]",="Run 1: CCS.Storing CO2[1]",="Calibration Data: energy supply.Total Energy Output[1]",="Run 1: energy supply.Total Energy Output[1]",="Calibration Data: fossil energy coal.Secondary Fossil Energy Output[1]",="Run 1: fossil energy coal.Secondary Fossil Energy Output[1]",="Calibration Data: fossil energy gas.Secondary Fossil Energy Output[1]",="Run 1: fossil energy gas.Secondary Fossil Energy Output[1]",="Calibration Data: fossil energy oil.Secondary Fossil Energy Output[1]",="Run 1: fossil energy oil.Secondary Fossil Energy Output[1]",="Calibration Data: nuclear energy.Nuclear Energy Output[1]",="Run 1: nuclear energy.Nuclear Energy Output[1]",="Calibration Data: bio fuel energy.bio fuel secondary energy output[1]",="Run 1: bio fuel energy.bio fuel secondary energy output[1]",="Calibration Data: hydropower energy.Hydropower Energy Output[1]",="Run 1: hydropower energy.Hydropower Energy Output[1]",="Calibration Data: solar energy.Solar Energy Output[1]",="Run 1: solar energy.Solar Energy Output[1]",="Calibration Data: wind energy.Wind Energy Output[1]",="Run 1: wind energy.Wind Energy Output[1]"
1980,0.547303922,0.366658618007,24457.05417,25093.6934251,19083.03344,18818.164425,4967.734762,5857.21008695,0.745,0.745,5,,4.47941075395,2211951818400,2103968299190,7580952636270,,478.7768037,,97.55917166,0,28081.16861,28005.9853593,7516.00188,8227.63577284,5125.30596,5166.91229325,12802.07952,12027.0617528,727.234416,731.69378745,11.8030032,8.80206401429,1843.368768,1841.24836071,,1.26149694978,,1.36983122388
1981,0.597303922,0.360810530089,23853.81758,24167.9412774,18617.38162,18546.6999033,4830.136789,5218.69819239,0.727126316949,0.727126316949,6.70107283487,,6.06423958278,2173512747020,2102347798870,7491050371470,,486.772448242,,108.596028897,0,27957.79288,27820.7628697,7616.88072,8089.43197048,5182.51428,5163.63807895,12346.45308,11866.7122739,858.831408,814.470216728,10.70925228,11.944646094,1883.026224,1871.99748492,,1.23123171937,,1.33696688948
1982,0.389803922,0.348489677606,23415.75199,23677.3336617,18467.57127,18440.4142045,4543.884273,4842.92774698,0.709252902191,0.709252902191,10.0669316044,,9.10547800781,2154344605790,2121728948920,7405306107670,,504.4754226,,121.801622045,0,27820.14799,27876.6467204,7702.35336,8026.50068387,5209.10316,5214.75929776,11977.4178,11761.3630073,931.794264,913.512165337,13.52024784,17.9280760865,1917.095616,1940.07842006,,1.20096694327,,1.30410304838
1983,0.572303922,0.317999846546,23777.83537,23553.9429327,18579.22308,18486.0841043,4785.150194,4676.68143396,0.691380098985,0.691380098985,12.972508661,,11.7066172827,2145646549180,2160506820960,7395429335830,,523.358655843,,136.05375482,0,28296.52242,28154.7227623,7938.3492,8008.69402361,5293.37736,5316.50464744,11915.91288,11770.9294021,1056.04524,1020.40316115,17.6469264,23.0512671947,1998.9153,2012.69831723,,1.17070320269,,1.27124033175
1984,0.407303922,0.318923648358,25287.91215,23671.4006544,19227.35855,18656.0085946,5639.309237,4622.46966588,0.673507906073,0.673507906073,14.7894945775,,13.3694092146,2141741419810,2213182970840,7477241271730,,539.417172241,,150.095329175,0,29566.8856,28610.0445009,8283.0384,8013.3840083,5724.96336,5456.81078782,12104.77212,11910.9343578,1281.548412,1125.71496882,20.81031228,26.3664548862,2066.6232,2074.45510403,,1.14044049552,,1.23837873727
1985,0.397303922,0.356389261066,25603.90861,24040.8476628,19886.93967,18905.9555233,5291.178396,4737.13588552,0.655635307214,0.655635307214,15.2260217885,,13.774028353,2138828706580,2273721959860,7631315677840,,552.4640235,,162.871040899,0,30360.42663,29174.5034974,8638.82568,8023.21749032,5854.39812,5618.98912908,12127.07232,12156.5842361,1520.941464,1221.53280674,24.6276324,27.2343145886,2106.93672,2124.62982701,,1.11017710096,,1.20551639637
1986,0.452303922,0.391669520081,26143.21026,24589.4282417,20173.45279,19193.6692793,5527.406112,4991.66836278,0.636298297984,0.636298297984,15.8501061965,,14.3142489818,2141141376440,2341359019740,7789891303740,,566.118537207,,174.73478751,0,31034.96064,29790.410475,8734.97448,8048.09613374,5911.59852,5795.46832337,12498.4512,12428.604317,1629.031104,1310.51090633,30.3130764,28.3419407833,2135.49696,2177.14145829,,1.07743404303,,1.16996144467
1987,0.584803922,0.422432061827,26590.96297,25062.0779851,20791.86766,19434.1130391,5340.021508,5216.96561993,0.616960650722,0.616960650722,15.4888202747,,13.9896580064,2146492007600,2407912634140,7912866505060,,579.636037694,,185.948117234,0,32157.46319,30347.3633483,9082.25496,8079.52477904,6221.48148,5966.33633197,12784.69692,12647.8466594,1772.03916,1394.61087926,30.7188432,27.7394302971,2164.36608,2229.12617313,,1.04468990472,,1.13440531981
1988,0.634803922,0.456476902308,27257.22676,25428.1728154,21603.10533,19642.0843801,5171.195822,5367.41127061,0.597622370354,0.597622370354,14.7342150032,,13.3114013563,2154085050000,2473649843040,8011974881470,,592.43494221,,196.737720533,0,33355.27098,30862.7940377,9353.90808,8117.82692159,6511.98312,6135.51043475,13186.40904,12827.0206808,1931.92128,1475.532904,32.24167056,26.4449449603,2233.725984,2278.34735882,,1.01194469439,,1.09884803087
1989,0.522303922,0.493583743807,27341.09605,25718.513856,21894.29615,19870.4867929,4953.545343,5419.02656514,0.578283382342,0.578283382342,14.0154577397,,12.6634091126,2169193170490,2546310011470,8096682011060,,606.314289753,,207.964143398,0,34001.17371,31414.5142055,9443.17764,8183.77458207,6799.91328,6322.58408726,13395.37212,12989.4562297,1986.83856,1559.73107549,34.4481264,25.2021020146,2222.26992,2331.72364128,,0.979198285813,,1.06328944078
1990,0.699803922,0.525349654068,27706.71902,25995.1477108,22235.52608,20164.3101948,4976.803532,5386.35604116,0.558943700283,0.558943700283,13.3317387561,,12.0441269443,2194491924970,2631089653310,8191654847280,,621.285034692,,220.085963086,0,34396.11386,32069.7988367,9329.8338,8289.64001775,7013.214,6543.89232421,13538.88,13170.3338944,2043.619452,1650.64472315,38.3648796,24.0165487833,2297.884572,2389.29714811,,0.946450702019,,1.02772957455
1991,0.679803922,0.514150007912,28157.23702,26320.9948275,22678.73387,20557.3599776,4970.189742,5296.81238307,0.536057324122,0.536057324122,12.6813638792,,11.4721344168,2234733268660,2726483681740,8310870783150,,637.538129176,,233.590675807,0,34671.19571,32876.3479444,9240.26616,8453.56392655,7190.22096,6802.14128059,13567.905,13392.0911649,2141.39196,1751.93006855,39.8328552,22.9259272379,2351.02824,2451.80223053,,0.907697556088,,0.985648403182
1992,0.477303922,0.430832166391,27787.3104,26777.3175479,21999.69733,21035.0382395,5258.219371,5246.72077225,0.513172530767,0.513172530767,12.9956391077,,11.7650232925,2290864268740,2828349133780,8449651802070,,653.330524431,,248.118268069,0,34875.34234,33805.3908284,9204.22116,8679.02752161,7222.85352,7078.05192087,13749.4332,13649.5115276,2157.646824,1860.88701052,39.1340286,23.5647444859,2350.78596,2512.53558613,,0.868947090297,,0.943570142121
1993,0.527303922,0.40484355248,27730.77985,27274.7691495,22204.48497,21539.9244035,4974.06458,5207.96344205,0.490289854638,0.490289854638,14.7645548435,,13.3620753902,2357472158830,2923152709890,8588452538990,,668.078589739,,262.994502801,0,35155.52693,34767.928437,9248.3802,8945.7294844,7295.5728,7342.13631914,13688.8452,13909.7896565,2231.953056,1972.45877101,41.162418,26.8297836772,2492.372268,2569.25272627,,0.830200209574,,0.901495774005
1994,0.582303922,0.469581204542,28883.5013,27753.9154873,22404.42243,22016.1620986,5889.616447,5181.12874622,0.467406944922,0.467406944922,18.4116487973,,16.6348311344,2422949071350,3004496358140,8706193911940,,681.866334489,,277.631928791,0,35603.09024,35673.3164638,9284.8572,9217.74207802,7340.26068,7576.57754139,13986.8352,14139.3407025,2273.84928,2082.23946593,44.67663936,33.4890733718,2507.8986,2622.27672874,,0.79145293332,,0.85942097639
1995,0.732303922,0.538318514718,28965.66668,28214.9343977,22909.521,22448.7498692,5432.623726,5184.00162972,0.444522791854,0.444522791854,23.949452476,,21.6052456029,2485083243890,3071369462320,8798911330250,,695.151161503,,291.955561906,0,36380.66748,36505.7717804,9351.26928,9485.79779138,7597.61712,7779.86190143,14195.4822,14331.8929577,2372.47668,2189.6667143,47.185344,43.6157249117,2643.606576,2673.36664323,,0.752703551718,,0.817343892626
1996,0.619803922,0.586027231796,30271.94385,28606.5150569,23622.75914,22836.6530099,6012.786832,5166.70312707,0.619172066896,0.410604625785,30.1600328996,,27.2368893674,2545344530300,3126452463810,8872583873840,,707.163014497,,305.169417318,0,37429.46352,37269.4538612,9573.26328,9749.17413578,7977.33144,7957.93307112,14517.58068,14497.0666069,2458.370052,2288.77062989,45.2824254,55.1449665967,2679.189948,2719.56103791,,1.04843446144,,0.754978573246
1997,0.762303922,0.621686036509,31809.7686,28936.7917402,23740.51412,23217.8613347,7406.867458,5097.06736802,0.908061245161,0.376686389966,35.2082326231,,31.9284799386,2601741736690,3179068431480,8950660041530,,718.077007753,,316.30549414,0,37808.38209,38013.2025313,9557.01972,10004.124433,7930.9404,8134.60858089,14911.9488,14673.5717422,2441.46348,2372.29120605,46.811034,64.842994196,2726.60472,2761.53335578,,1.53760602816,,0.692613125618
1998,0.912303922,0.653851713058,30449.48328,29273.5164841,23644.66708,23635.5796112,6144.714533,4994.78448717,1.36621503063,0.342768449191,38.0594789045,,34.7065850053,2659965467300,3235842553210,9052795452170,,727.846926922,,325.23432184,0,38027.43985,38803.5311204,9496.8468,10269.7085141,8076.23928,8327.71485555,14970.17952,14894.0851278,2483.47872,2439.2574138,48.0182256,70.715701456,2747.44548,2799.10586872,,2.31339073004,,0.630248220485
1999,0.667303922,0.685030637976,30857.90082,29694.4995651,24162.0332,24135.5673714,6003.159279,4887.40431181,2.27774859298,0.308851022231,38.0811010344,,34.9267273798,2723771849150,3302097369220,9196895098280,,736.895953917,,332.07327587,0,38674.30475,39705.7273513,9537.28524,10562.8819043,8305.88472,8553.33484627,15216.03972,15189.2194245,2577.978792,2490.54956903,48.6890496,71.4108245934,2768.240736,2833.90602193,,3.85687637906,,0.567884260105
2000,0.672303922,0.714601943993,30809.02839,30292.4451379,24787.56452,24755.9078413,5297.434931,4826.8268356,4.07977503029,0.439501371613,36.231502343,23.1458119,33.3440965275,2795700897420,3381904369380,9398977030210,697.1837,745.208551229,,336.559360143,0,39732.49937,40773.4697432,9878.93568,10895.6587783,8637.93216,8824.45315529,15474.0348,15587.1506177,2636.165736,2524.19520108,47.7031644,68.4215977888,2817.39132,2865.87406227,,6.90821980736,,0.808111009091
2001,0.817303922,0.740174861966,30472.77916,31114.8006653,24949.95344,25520.3279527,4765.43707,4835.32884632,7.19908326635,0.985944571505,34.4635406025,25.5572375,31.7274855232,2881756166170,3478147158930,9656061355270,709.0768,753.713561693,,339.114835676,0,40382.62897,42047.2067445,10096.86216,11292.2244282,8811.275595,9149.0043124,15713.85562,16084.684898,2710.601831,2543.36126757,47.62222442,65.3468137432,2744.931511,2898.58207246,,12.1900960828,,1.8128559182
2002,0.889803922,0.763542036858,31406.26592,32056.2025732,25492.69373,26354.8929214,5128.325273,4883.57119785,11.5859601233,2.23911642862,32.7817894745,34.2991692,30.1443322009,2989509683620,3580666641220,9900796166400,720.22594,765.007931171,,341.830827617,0,41506.98865,43438.0757542,10564.6512,11779.2634317,9127.962765,9498.04824152,15919.67946,16568.9510028,2753.922091,2563.73120712,54.45585459,62.3292656396,2795.535506,2942.0172162,,19.6183266521,,4.11706254741
2003,0.884803922,0.781156734313,33746.54781,33012.0201264,26807.00975,27164.6502073,6075.929287,4969.86314152,16.8829755566,4.8293344496,32.4924750781,40.058282,29.7783642407,3111508482590,3673435831450,10088808046000,740.4212,778.762411689,359.83,344.728830211,0,43243.27773,44803.5713233,11566.51172,12329.6044934,9443.590306,9830.52670585,16363.50071,16963.76652,2698.123217,2585.46622658,62.00760678,61.8267080062,2792.117732,2994.91329326,,28.5876807621,,8.87969546256
2004,0.812303922,0.79571393403,34037.88219,33915.5047492,27731.04263,27908.2639038,5404.208247,5077.28301189,22.0980015664,9.02420412602,36.6878522201,43.3210098,33.4381484307,3241744333360,3747917795010,10205520168400,761.328,794.518716867,364.54,347.45111999,0,45706.93482,46074.7870983,12445.42177,12922.3025332,9875.954967,10124.1716209,17128.56701,17243.1915695,2820.743086,2605.88339992,74.28135459,69.7191145282,2998.241301,3055.50785602,,37.4182034525,,16.5928007818
2005,0.954803922,0.809912393084,34506.78369,34715.5316287,28647.27064,28586.1116812,4891.181519,5157.51332651,25.6615889607,15.3275203731,46.1908443838,49.9169365,41.866605616,3378985670030,3801522514990,10255893065700,784.0963,812.202655254,368.04,349.657032779,0,47539.36645,47244.0212113,13454.44948,13555.0437139,10200.84507,10371.6697268,17460.13388,17412.0552331,2828.145536,2622.42774585,87.18189802,87.6741310011,3099.078918,3123.51558387,,43.4523707387,,28.1827060291
2006,0.909803922,0.824703302218,35962.00897,35357.7067588,29573.76777,29187.9032345,5332.363436,5164.83511848,26.9188395562,24.5947857332,60.4988455459,61.3259188,54.6864246581,3512473265690,3838053052220,10258526159200,805.47506,831.631694025,369.49,351.154241471,0,49192.24142,48305.5175961,14243.84253,14188.2458288,10535.67259,10580.5263198,17758.90304,17499.0100912,2863.392354,2633.65681104,110.2180293,115.04036418,3217.216101,3198.23450407,,45.5812536801,,45.2224234119
2007,0.924803922,0.841150794993,36130.70058,35801.2115953,30401.88825,29686.5807301,4594.770148,5079.87288788,27.9088100911,38.4150893396,75.6950589723,77.6700997,68.5496795758,3616661310080,3873170370220,10252669435700,832.41106,852.345250243,369.48,352.370324192,0,51020.27046,49264.412324,15146.88075,14721.0911047,11036.49995,10788.8165152,18079.15671,17571.0623841,2805.020612,2642.77743144,147.4148518,144.880185598,3270.630024,3277.89333703,,47.2575554387,,70.6338105307
2008,0.804803922,0.860540814332,36956.01666,36176.100474,30926.47213,30126.7716757,4880.509684,4979.3196622,28.8396806752,58.482237162,91.3076425293,98.8609688,82.9259067135,3694598748720,3915692520140,10257290501600,861.7954,875.039650651,368.27,353.648300514,0,51948.34489,50197.204077,15450.71428,15161.8647625,11374.81592,11022.0229652,18042.98285,17663.3337563,2796.324371,2652.36225385,202.9421062,176.085316802,3461.385595,3365.16997037,,48.8337841668,,107.531267794
2009,0.934803922,0.881034398833,36817.4037,36583.1714247,30361.12298,30554.6984709,5274.195063,4911.16016711,29.670855741,86.9066813852,106.955018297,107.2440035,97.3832604924,3753204406090,3970760911630,10285723081500,891.6133,900.417289509,367.41,355.058753484,0,51440.70615,51174.8398488,15319.47854,15535.2821739,11208.76094,11296.8811119,17749.88869,17799.1875406,2756.755906,2662.94065113,233.0235254,207.746262618,3455.774089,3462.76562576,,50.2412000195,,159.795282852
2010,1.007303922,0.905339895273,38845.39973,37078.4678384,32094.06964,31000.0878857,5488.13559,4899.62207218,30.377943731,126.204630935,122.40382702,123.8499785,111.620274424,3796848528300,4042450276920,10344971162000,925.737,929.227256208,370.93,356.641669295,0,54253.12741,52246.6400592,16103.7526,15856.0502329,12117.1592,11626.622705,18431.74468,17992.9083196,2827.797254,2674.81251972,265.4565226,239.194270793,3651.408256,3573.56110196,,51.4385011505,,232.052408125
2011,0.884803922,0.932007939968,39784.42779,37659.4524169,33147.04611,31471.3791307,5278.482118,4934.0615201,31.3385176582,177.23245379,136.984581699,127.5105671,125.061014584,3831228509720,4130727182050,10438868450200,953.9698,961.101539222,350.66,358.389020024,0,55840.23727,53434.9648298,16955.97814,16139.9871306,12482.95338,12013.2741389,18676.82782,18249.5014807,2709.467655,2687.91765018,281.2213346,269.2010319,3717.90624,3696.14112441,,53.0650260891,,325.877247096
2012,0.912303922,0.960295552391,40653.57271,38277.3057005,33606.62829,31947.1178614,5652.1246,4990.18013342,33.9522305059,235.303131896,149.655201417,128.9070145,136.810067683,3865501344200,4227338603130,10563833397300,984.67844,993.372358983,350.94,360.268741637,0,56971.51041,54711.0015466,17106.03374,16413.0201443,12890.62966,12434.6259069,19087.332,18555.0221501,2523.672554,2702.01556227,294.1234094,295.929094337,3876.375671,3820.24612182,,57.4907855319,526.113,432.651781406
2013,0.939803922,0.990310768048,40419.45774,38865.4279051,33848.40832,32392.1481903,5116.361825,5044.97054382,39.2476708364,296.861791065,160.025395137,138.6094525,146.522160917,3897342986260,4324930188550,10705911449300,1029.5624,1024.8662685,349.47,362.152759112,0,58314.51575,56005.1411498,17462.90393,16665.483371,13170.93878,12867.6447589,19394.41002,18883.5889907,2543.825637,2716.14569334,320.5855666,318.617869217,4032.271238,3941.36332888,,66.4574725449,636.479,545.839665203
2014,1.009803922,1.01861025601,40847.95364,39347.7668127,33949.00234,32773.3205458,5396.412769,5070.13711765,48.6941218391,358.354585987,167.956580911,148.3443219,154.147463702,3922153368390,4417218931580,10848136110600,1066.1928,1055.18964777,353.96,363.917546273,0,59291.29096,57243.8678249,17640.37504,16879.3272944,13344.95035,13291.5686553,19651.70732,19207.1953496,2595.772555,2729.38159704,340.5798943,337.056494888,4139.686769,4057.97898768,192.602,82.4530015732,712.13,658.906444435
2015,1.159803922,1.04167031859,40938.15351,39699.5831768,33955.12551,33086.2061088,5531.812252,5057.12613876,65.0650826957,417.594835944,174.634174248,148.570597,160.715163611,3940634902610,4503388850530,10960483674700,1098.4295,1085.2269539,360.5,366.047164868,0,60098.73501,58399.2525689,17266.64629,17056.4967979,13737.30466,13700.4265895,20150.99125,19492.3786305,2630.724254,2745.35373651,355.9715435,353.097163469,4128.990946,4173.49448517,252.269,110.173695782,827.886,767.831470075
2016,1.272303922,1.06232853049,39824.53371,39910.238659,33927.64075,33330.1079269,4406.432866,4996.50326317,90.3121758742,475.827950278,180.601998539,153.1515459,166.754122324,3949398606470,4580705185700,11040753247900,1129.0008,1113.9862479,368.19,368.661392971,0,61081.66268,59447.5246887,16994.18788,17194.3377352,14008.84662,14084.862416,20701.84388,19723.4312829,2669.863988,2764.96044728,374.3810873,368.00883665,4274.581816,4284.09508761,324.797,152.924207239,952.944,874.904675817
2017,1.182303922,1.08580360628,40222.56094,40038.3802869,34481.81157,33521.1026617,4231.194917,4922.80489331,125.591792911,543.101687723,188.767841536,157.374637,174.644745172,3941489721950,4648744557380,11083893018700,1151.1094,1139.32219693,369.42,372.289048341,0,62900.82194,60383.7407655,17277.312,17292.6340803,14607.028,14441.0837685,21191.52,19877.8453227,2693.7116,2792.16786256,384.001904,387.215808667,4330.6368,4381.53041504,437.515,212.662635804,1131.755,998.600871924
2018,1.109803922,1.11022776878,40576.7994,40073.8207012,35177.35001,33657.410708,3844.874479,4814.20308954,171.207820146,621.229310359,197.402942189,170.5508059,183.196567509,3944910021590,4704893509400,11082527727900,1173.3864,1160.31561945,374.11,376.230552175,0,64852.09954,61256.3028876,17607.56083,17420.9127717,15386.63798,14761.1867149,21489.64781,19950.0848435,2752.550182,2821.72914131,417.5540758,407.966226639,4449.142015,4462.26553941,560.036,289.903547506,1258.926,1142.25410271
2019,1.234803922,1.13208742524,40892.68994,40132.272267,35482.60497,33788.604959,3786.898474,4720.41156737,229.279670693,713.825935159,207.078421175,176.8486547,192.618426389,3951973861950,4756934661190,11057235674100,1191.478,1178.37752099,369.59,380.744901945,0,65833.62458,62128.762672,17570.97822,17569.8213566,15752.21894,15066.8468429,21610.05199,19973.258653,2850.142322,2855.58676459,451.2439315,430.775047704,4507.796003,4531.7268131,689.902,388.235711711,1412.636,1312.51148241
2020,1.264803922,1.15277606911,38567.0931,40270.208817,33489.62171,33941.0674879,3439.134048,4660.46170867,301.035929394,824.322687646,216.96682822,168.1796857,202.127531706,3970610648060,4808701057580,11021179091500,1212.8989,1193.87705739,369.8,385.654442317,0,63783.76103,63066.2647994,17110.93125,17763.4333831,15661.60914,15369.7964345,19719.84489,19969.9604719,2741.550215,2892.40831738,432.9739155,453.910988773,4631.670441,4591.33391139,835.685,509.739472085,1588.319,1515.68182025
2021,1.109803922,1.18063539132,40546.16949,40536.5138432,35296.86765,34142.0750985,3552.92421,4654.33433298,387.074122493,953.509549755,226.942215889,175.9339038,211.429947792,3999337354170,4865754031190,10986615089200,1235.01,1207.38376272,366.79,390.915701914,0,67296.03,64111.0594985,18110.33552,18001.6014525,16339.47922,15685.6012603,20924.50281,19963.3904941,2857.476909,2931.86776436,459.2645752,476.677150076,4557.000533,4643.27711091,1030.571,655.426610554,1840.364,1753.21765573
2022,1.149803922,1.21107547444,40836.53835,40930.9073723,35694.16888,34411.731198,3541.180611,4684.56617344,485.020055706,1092.2608309,236.215863798,186.9221022,219.986262591,4038335253200,4934277335670,10972091270100,1255.5404,1219.32284879,370.99,396.164447706,0,68761.37083,65289.1699292,18287.56558,18281.8181471,16338.43845,16032.3448799,21693.96964,19987.1228462,2732.336524,2971.2333578,486.3300724,497.842509051,4594.11487,4689.19166336,1294.481,821.276940742,2098.332,2008.33958494
2023,,1.24595193383,,41431.0762239,,34744.4544266,,4740.77214442,593.649575471,1237.26533608,244.731596066,199.0139564,227.70095525,4084928443780,5014054885180,10979875409700,,1229.8068931,,401.278107838,0,70412.34686,66584.3529705,18640.19864,18594.143511,16405.25727,16409.1460757,22321.63636,20044.6111814,2791.708855,3009.58580879,539.0282455,517.17894447,4505.775136,4729.51051181,,1005.21762241,,2274.95931487
2024,,1.28076525109,,41974.8369517,,35115.0739072,,4797.11967997,710.973802857,1385.89942121,252.555568101,,234.802871205,4136506523290,5101159503740,11001763474100,,1238.84719032,,406.202043088,0,,67948.7099496,,18925.8155242,,16802.8858694,,20121.9305692,,3046.51532316,,535.151901271,,4764.27709265,,1203.88091768,,2548.25275211
2025,,1.30898774678,,42465.7273853,,35479.9337804,,4821.30839814,833.966351535,1534.33473432,259.344210865,,241.255483161,4187392255890,5188360509540,11025946859200,,1246.20697614,,410.700372372,0,,69295.7116602,,19251.2952122,,17189.4473671,,20197.1551159,,3080.25279279,,551.657298196,,4792.58087315,,1412.14229353,,2821.18070732
2026,,1.33277456864,,42477.5673745,,35643.6883608,,4603.51237442,999.350626713,1728.00740894,246.791937534,,232.690689474,4189398390340,5232506814590,11023398647400,,1237.79024968,,461.194694084,0,,70678.6144136,,19371.3354548,,17448.7414371,,20236.4877926,,3458.96020563,,533.405638596,,4760.21237979,,1692.18492262,,3177.28658236
2027,,1.35390258826,,42513.164119,,35765.498573,,4492.77614581,1166.40549758,1918.77221027,234.734160027,,222.52985115,4194502135400,5280496353650,11035828722300,,1226.70097362,,516.547550487,0,,72066.2966605,,19479.6407757,,17696.8014708,,20283.4707912,,3874.10662865,,511.608926007,,4717.56597085,,1975.0563455,,3528.04575186
2028,,1.37370483378,,42417.6985367,,35771.7010845,,4399.85944743,1329.723279,2098.87996013,223.264873624,,212.432712658,4190209072060,5314263629920,11032070596600,,1214.38613305,,573.740920087,0,,73268.1285708,,19528.1806926,,17880.2667827,,20285.697325,,4303.05690065,,489.910885859,,4670.20636645,,2251.59981276,,3859.20980478
2029,,1.39377675294,,42200.1685036,,35676.5307176,,4302.89318354,1487.59322722,2266.91322284,212.355397791,,202.711848398,4176321770560,5333520902390,11001526506600,,1202.18549222,,633.063046428,0,,74282.7108048,,19520.7940955,,18000.0637681,,20234.7139604,,4747.97284821,,468.789137524,,4623.28594394,,2518.91854852,,4168.17250263
2030,,1.41412443563,,41940.43223,,35526.2209485,,4210.13144701,1643.04400511,2426.11624495,201.978411946,,193.309354466,4157314888030,5344700990350,10950276663000,,1190.10398808,,696.410617042,0,,75197.4159456,,19480.9833215,,18078.7353107,,20146.7104355,,5223.07962781,,448.04357954,,4576.82368945,,2782.14094067,,4460.89904039
2031,,1.43456189905,,41480.4850867,,35118.2454759,,4142.93324477,1801.37993714,2580.12809671,192.107946523,,184.092000176,4094606473070,5356403591180,10889091618100,,1181.13427443,,766.77001568,0,,75873.6349828,,19201.8035549,,18136.3273892,,20020.2528201,,5750.7751176,,427.818251945,,4542.32855427,,3050.24871959,,4744.08057513
2032,,1.45508546012,,40911.1952522,,34458.8852732,,4179.91408406,1979.77211483,2746.97090654,187.342603264,,178.771201363,3960919698050,5379410591070,10797344807700,,1183.39655172,,848.788783462,0,,76381.9480351,,18599.1923799,,18206.6813621,,19839.6569907,,6365.91587597,,416.300938803,,4551.02867157,,3352.31742833,,5050.85438774
2033,,1.4763599795,,40334.841424,,33652.6044031,,4325.60004539,2175.56003582,2925.62072199,193.954764679,,183.34166996,3798350801320,5400841496440,10690365468900,,1192.66623206,,941.517254952,0,,76855.225644,,17837.7188505,,18257.3823435,,19621.152577,,7061.37941214,,427.735245293,,4586.67739892,,3683.84207952,,5379.33773718
2034,,1.49963661447,,39731.5413557,,32785.2024936,,4481.48822308,2388.39902731,3116.00682981,208.854582187,,195.608419957,3621467735430,5418871756750,10579532325900,,1206.57006265,,1045.25348189,0,,77378.5348379,,17001.8460008,,18284.9008324,,19381.3571185,,7839.40111415,,457.2422882,,4640.14783667,,4044.23904402,,5729.40060307
2035,,1.52669276855,,39141.183896,,31934.1140108,,4620.29289468,2616.81237787,3316.07605344,230.977427996,,214.609564605,3448053646930,5432851709110,10456819755500,,1223.83667356,,1159.78088918,0,,78022.4189374,,16184.4089515,,18287.1373663,,19115.2068357,,8698.35666882,,502.482841438,,4706.55063396,,4431.00782929,,6097.2678104
2036,,1.55440696253,,38536.4390233,,31098.6270928,,4726.21503365,2854.43426669,3518.34135126,259.21213495,,239.417865703,3280534546210,5441645126960,10328837081500,,1243.29954073,,1284.78958908,0,,78765.7155557,,15393.5443998,,18260.8459006,,18829.9825039,,9635.92191807,,561.47895601,,4781.39964918,,4833.36928962,,6469.17293853
2037,,1.58131429108,,37900.0884821,,30275.0203268,,4802.97101636,3100.94375914,3724.51478254,293.149119831,,269.692060232,3119809918150,5444374251820,10192039992400,,1264.22578577,,1419.26211322,0,,79596.3747105,,14632.035254,,18202.7377928,,18522.8046805,,10644.4658491,,633.410765727,,4861.87642681,,5250.77999138,,6848.26395021
2038,,1.60595022394,,37188.9069364,,29455.2260357,,4842.37331927,3352.71058812,3932.40098259,331.724966169,,304.773024611,2966168505490,5438266290120,10044687297600,,1285.70312075,,1560.97800987,0,,80471.7851989,,13900.9310687,,18104.1836045,,18190.474018,,11707.335074,,716.791794969,,4944.47254995,,5677.09285959,,7230.5042292
2039,,1.62873170176,,36383.1286051,,28634.0621074,,4846.76363951,3604.93849316,4138.41841599,373.992218733,,343.996966779,2819593718180,5421450612440,9885117480360,,1307.03968955,,1707.68260748,0,,81349.1251884,,13200.3840233,,17959.8679292,,17831.1507421,,12807.6195561,,810.080745614,,5026.52732373,,6104.18646073,,7609.30840763
2040,,1.64958485179,,35494.8366608,,27809.8590172,,4823.14535038,3853.23943109,4339.12045263,419.048903164,,386.639409292,2679919194210,5393212149930,9713250164630,,1327.7913385,,1857.53275057,0,,82197.0425644,,12530.0598032,,17768.7601906,,17445.8419835,,13931.4956293,,911.582549167,,5106.33265122,,6524.63058937,,7978.33916802
2041,,1.66810376629,,34570.4441702,,26987.2822372,,4793.39310004,4089.09049024,4525.48188253,466.889050594,,432.404640963,2546909871660,5354771771760,9532087494500,,1348.06974254,,2009.80197795,0,,82990.2466391,,11889.35867,,17536.9151925,,17040.5206505,,15073.5148346,,1020.62389559,,5184.31800454,,6923.99353127,,8321.0018601
2042,,1.68544339279,,33683.466578,,26178.4987526,,4786.78569166,4314.95873705,4700.1956823,518.867088926,,481.943043045,2420301158990,5301340161280,9347234730450,,1368.72095428,,2165.69275474,0,,83763.3484157,,11277.5246827,,17265.7578749,,16626.2134488,,16242.6956606,,1138.7188808,,5263.73707719,,7306.45273181,,8642.24805898
2043,,1.70293653833,,32862.4552417,,25383.9762909,,4798.70455834,4532.99971449,4866.36161386,573.615045944,,534.028171815,2299818985400,5244971634520,9160208107400,,1389.16971278,,2325.61594367,0,,84546.1297718,,10693.7082898,,16975.0848792,,16206.4117517,,17442.1195775,,1262.99227086,,5342.37756849,,7675.65813848,,8947.77729577
2044,,1.72132726001,,32150.7237281,,24610.8561945,,4846.94602235,4745.97643697,5026.91328976,631.707909172,,588.659230098,2185189832610,5185583876410,8974446139390,,1409.67776172,,2491.10940305,0,,85367.3285869,,10137.0031349,,16670.7491838,,15782.7495921,,18683.3205229,,1392.9881547,,5421.24607508,,8036.28832073,,9242.98360273
2045,,1.74077750401,,31557.1014236,,23863.691584,,4931.55077059,4956.43032689,5184.16992735,693.260519697,,645.801670069,2076146110460,5125423111390,8792185361720,,1430.37259069,,2663.68704212,0,,86253.231872,,9606.47104436,,16358.0102759,,15357.2605007,,19977.6528159,,1528.2263934,,5500.83288802,,8392.64662973,,9532.13132398
2046,,1.76246198292,,31074.7536651,,23145.7844826,,5046.19412605,5158.61922288,5330.4259814,758.524686215,,705.671606794,1972428451970,5066128015640,8615209758790,,1451.31902432,,2844.82362728,0,,87209.7332266,,9101.15703242,,16042.8113901,,14942.21813,,21336.1772046,,1669.91993481,,5581.38730562,,8735.00995265,,9801.05227636
2047,,1.78527855166,,30689.75885,,22459.0973023,,5178.64454417,5362.14596827,5477.75483812,827.676948695,,768.604667901,1873786816510,5008468373710,8444719746600,,1472.52163415,,3035.68296206,0,,88292.0593247,,8620.1004042,,15731.3487927,,14539.6095972,,22767.6222155,,1818.86698052,,5662.92690884,,9079.6386352,,10071.9457906
2048,,1.80804793052,,30374.2863634,,21802.0862775,,5314.80600332,5569.26507873,5629.1631052,900.394809632,,834.630215257,1779981741820,4952094388830,8280294302940,,1493.809342,,3235.9778354,0,,89504.578128,,8162.34684008,,15423.0892049,,14148.6851934,,24269.8337655,,1975.13901876,,5744.79377637,,9430.35021384,,10350.3401152
2049,,1.82914957309,,30069.908633,,21170.0971304,,5433.98925438,5778.58553227,5783.20321864,975.698293316,,903.522280764,1690783953330,4895538744540,8120051608100,,1514.83492245,,3443.6682596,0,,90812.1838055,,7722.15396475,,15114.0126152,,13766.2901116,,25827.511947,,2138.19968814,,5825.65257164,,9784.78929259,,10633.5736146
2050,,1.84646756819,,29704.0375065,,20556.5828855,,5515.59036944,5986.19253788,5935.87328785,1052.03177971,,974.686007041,1605974656340,4836626604090,7961272850290,,1535.14312729,,3655.21440464,0,,92163.7160504,,7302.48087123,,14798.1125199,,13388.0046504,,27414.1080348,,2306.64241232,,5903.75253092,,10136.3270165,,10914.2880143
2051,,1.85987145882,,29223.0203645,,19958.0317644,,5546.94205557,6172.70681138,6065.05657998,1127.42028414,,1046.98081,1525344856940,4774315502700,7802603914190,,1554.1960761,,3866.77173751,0,,93449.3217687,,6904.3313129,,14473.1663405,,13012.3086851,,29000.7880313,,2477.7362599,,5977.02510904,,10452.1487442,,11151.8172857
2052,,1.87185480749,,28615.7421917,,19371.3412581,,5528.84262778,6345.51530999,6182.44056474,1200.06579734,,1118.86438632,1448694411480,4708024401380,7643626006560,,1571.57223563,,4074.95415499,0,,94669.9338572,,6526.68089092,,14138.150737,,12638.7802581,,30562.1561624,,2647.90273693,,6043.84920119,,10744.7626957,,11367.6511749
2053,,1.8838104801,,27908.9110632,,18793.2169344,,5472.13827093,6504.38824023,6288.94808601,1269.02007476,,1189.06469973,1375831450810,4636940713930,7482598245600,,1587.2293413,,4277.26246677,0,,95800.6222543,,6168.54261271,,13791.6672417,,12265.5507246,,32079.4685008,,2814.0646253,,6104.06226901,,11013.7797654,,11563.4865148
2054,,1.89572834437,,27150.4878009,,18222.8556964,,5391.87264033,6649.20601678,6384.40674298,1333.90537351,,1256.50912131,1306572795040,4561345530300,7319591321510,,1601.2611587,,4472.7386995,0,,96832.719866,,5828.96995801,,13435.3490676,,11893.1131609,,33545.5402462,,2973.71875004,,6158.02491004,,11258.9974612,,11739.006312
2055,,1.90854306896,,26406.9074592,,17661.6923569,,5307.10063325,6780.82947921,6469.30643247,1394.97964781,,1320.44934409,1240743624990,4482550054730,7155330616730,,1613.88755381,,4661.97411885,0,,97777.2222316,,5507.05630101,,13073.4841721,,11523.2331289,,34964.8058914,,3125.07529874,,6206.5826704,,11481.8734295,,11895.1113396
2056,,1.92333193454,,25737.4128975,,17112.3766612,,5238.02524238,6893.56080511,6536.44026057,1452.93406372,,1380.58579178,1178177008740,4401660377170,6991229654060,,1625.39094195,,4846.55032487,0,,98629.4799062,,5201.93347844,,12710.4004078,,11158.4573649,,36349.1274365,,3267.42965388,,6250.82164435,,11672.7596359,,12018.5502845
2057,,1.93989968475,,25172.2465669,,16577.9394722,,5195.02466403,6992.31838101,6591.91204662,1508.6205109,,1437.25784099,1118713772740,4319884177530,6828823808900,,1636.04234967,,5028.52613513,0,,99432.1313853,,4912.77171603,,12350.288465,,10801.2260946,,37713.9460135,,3401.58442314,,6291.78412801,,11839.9843081,,12120.5462369
2058,,1.95561726084,,24719.8979476,,16061.0660804,,5181.01558034,7083.20155881,6641.32007992,1562.86370929,,1491.16950359,1062202587290,4238318934310,6669473548020,,1646.07131537,,5209.90202223,0,,100227.965161,,4638.78032277,,11996.6203554,,10453.4740413,,39074.2651668,,3529.20425594,,6330.35286508,,11993.875384,,12211.3927694
2059,,1.96982440278,,24377.8968165,,15563.989284,,5196.24821382,7170.63916851,6688.39828449,1616.47325555,,1543.09354603,1008499788940,4157933988630,6514370814460,,1655.67704701,,5392.65768346,0,,101052.434328,,4379.20706907,,11652.2403888,,10116.7505015,,40444.932626,,3652.12220661,,6367.29395642,,12141.9321329,,12297.9554467
2060,,1.98334812873,,24134.6132247,,15088.4012654,,5231.63176634,7258.20044261,6736.08116931,1670.12796406,,1593.96983726,957468377493,4079467932830,6364422144680,,1665.01003513,,5578.52616097,0,,101935.040807,,4133.33387991,,11319.1397464,,9792.04486082,,41838.9462073,,3772.56173323,,6403.18614866,,12290.1982808,,12385.6299494
2061,,1.99468215265,,23957.0033272,,14635.1824069,,5270.0677397,7346.60453621,6784.85352796,1723.68789422,,1644.42123871,908977917898,4003382007640,6220238568960,,1674.01568777,,5767.70502691,0,,102881.702586,,3900.47643836,,10998.4108998,,9480.03038221,,43257.7877018,,3891.97843923,,6437.81949564,,12439.8915619,,12475.3076671
2062,,2.00387239378,,23783.998475,,14202.8533129,,5294.26167872,7433.17693951,6832.30242113,1776.28046441,,1694.52090477,862904440528,3929367284220,6081633867270,,1682.49286238,,5958.64816155,0,,103868.814525,,3679.98369735,,10688.8931911,,9180.02447257,,44689.8612116,,4010.59629571,,6470.42045651,,12586.4832703,,12562.5519294
2063,,2.01230229328,,23549.1893252,,13787.5753982,,5294.1797704,7516.70912135,6877.26397996,1826.72707451,,1743.91063373,819129670090,3856285473780,5946817254230,,1690.24509427,,6148.54229418,0,,104862.731271,,3471.23446892,,10387.2190114,,8889.30555841,,46114.0672064,,4127.52179638,,6500.23348036,,12727.9270187,,12645.222731
2064,,2.02097840062,,23212.6802209,,13385.0345152,,5274.45463952,7594.31839522,6917.19702789,1873.71588684,,1791.58833672,777540832920,3782915747000,5814071359140,,1697.06976028,,6334.12203568,0,,105819.781015,,3273.63649292,,10090.0168492,,8605.33876392,,47505.9152676,,4240.40509827,,6526.47933228,,12859.3415989,,12718.6476114
2065,,2.03023984787,,22764.1806518,,12991.9230744,,5237.26953765,7663.17124801,6949.65903694,1916.21687041,,1836.6426309,738030476389,3708351783440,5682012150520,,1702.8364087,,6512.62251517,0,,106702.487267,,3086.62552316,,9794.9479364,,8326.24123509,,48844.6688638,,4347.08281603,,6548.65632974,,12975.9290671,,12778.3354954
2066,,2.04028328194,,22220.8131662,,12606.0327301,,5181.71450087,7721.24535111,6972.93732129,1953.5975592,,1878.25479013,700496348324,3632085703540,5549782186250,,1707.49338549,,6682.12445167,0,,107484.967353,,2909.66463587,,9500.83339788,,8050.95267246,,50115.9333875,,4445.61512106,,6566.56582498,,13074.2650455,,12821.1372682
2067,,2.05241526024,,21625.7673551,,12226.6510441,,5111.36681036,7767.53557334,6986.21939765,1985.91833838,,1915.72292408,664841068251,3554208547050,5417255817130,,1711.10654454,,6842.29507894,0,,108160.108024,,2742.24264811,,9208.10663448,,7779.53826881,,51317.2130921,,4534.33972747,,6580.46107454,,13152.6475611,,12845.5590171
2068,,2.06622739374,,21034.8810991,,11854.5324066,,5027.00561741,7803.60409033,6990.83341122,2013.82447245,,1948.8947881,630971888356,3475283856290,5284960917470,,1713.82785232,,6994.25441226,0,,108743.600225,,2583.87291324,,8918.36318017,,7512.87222316,,52456.908092,,4612.89269167,,6590.92650111,,13213.7218218,,12854.0428022
2069,,2.0797707177,,20497.9259086,,11490.9710548,,4935.26585108,7832.09024481,6989.04302482,2038.2327693,,1977.88167455,598800798188,3396065945510,5153689097780,,1715.8399015,,7139.86036854,0,,109261.618504,,2434.0935169,,8633.56165516,,7252.10117044,,53548.952764,,4681.53728527,,6598.6643076,,13261.9569855,,12850.7508194
2070,,2.09123291625,,20046.0576648,,11137.5146324,,4846.09256935,7856.40363172,6983.73913868,2060.1513937,,2003.13782191,568244298394,3317336454880,5024323214140,,1717.32600643,,7281.30657944,0,,109746.064706,,2292.46608217,,8355.59865453,,6998.34719109,,54609.7993458,,4741.34892785,,6604.37947227,,13303.1264666,,12840.9985659
2071,,2.10003746623,,19690.2482656,,10796.2154052,,4766.64544307,7879.87919386,6977.73939087,2080.40593612,,2025.37410455,539223085126,3239984489770,4898007842220,,1718.40893028,,7420.66060369,0,,110228.504346,,2158.57422152,,8086.54403412,,6753.04839859,,55654.9545276,,4793.99495092,,6608.54410961,,13342.877272,,12829.9668318
2072,,2.10659155934,,19430.6260755,,10468.7844687,,4702.78509173,7905.28504918,6973.35366796,2099.73496721,,2045.39358231,511661660748,3164748625220,4775850816220,,1719.18589806,,7559.88078629,0,,110737.211681,,2032.02172067,,7827.96580771,,6517.37504181,,56699.1058971,,4841.41167433,,6611.53212125,,13385.896613,,12821.9028047
2073,,2.11242533637,,19263.03575,,10156.2398599,,4655.96679294,7935.82714952,6973.22286601,2118.90107183,,2064.14360826,485488077176,3092052838670,4658342915430,,1719.77816043,,7700.84130696,0,,111299.852133,,1912.43128882,,7580.57193488,,6291.63816866,,57756.3098022,,4885.81575679,,6613.80980493,,13437.6130779,,12821.6622992
2074,,2.11850226655,,19171.1179882,,9858.67511907,,4623.66551752,7973.73138255,6979.18737838,2138.18937716,,2082.34027304,460633708051,3021973089490,4545634570940,,1720.23005818,,7844.34035069,0,,111930.675613,,1799.44344482,,7344.18141967,,6075.6109924,,58832.5526302,,4928.91446846,,6615.5476836,,13501.7957281,,12832.6292459
2075,,2.12438117319,,19112.5300244,,9575.04684061,,4601.5628167,8019.42081983,6991.59638363,2157.27696118,,2100.30918061,437033260558,2954181331550,4437305169880,,1720.49937535,,7989.63950666,0,,112623.711624,,1692.71635393,,7117.63949427,,5868.38960676,,59922.2962999,,4971.47984019,,6616.58340586,,13579.1609439,,12855.4456792
2076,,2.13031325284,,19027.9164823,,9303.28476925,,4586.3880045,8070.96399471,7008.8446408,2175.32456079,,2117.85312941,414624653524,2888028237150,4332455096360,,1720.47572319,,8134.58583097,0,,113352.109725,,1591.92512783,,6899.07669523,,5668.5801857,,61009.3937323,,5013.04329167,,6616.49244593,,13666.4382028,,12887.1600433
2077,,2.13648816086,,18863.6855502,,9040.85181296,,4575.40065168,8124.71978964,7027.92579572,2191.26042669,,2134.38727931,393348790299,2822745213940,4229979582610,,1720.02345409,,8276.27572326,0,,114076.600421,,1496.76072688,,6686.43186958,,5474.66085371,,62072.0679245,,5052.21929466,,6614.75313916,,13757.4620569,,12922.2445558
2078,,2.14340899546,,18591.6511892,,8785.39149454,,4564.93604357,8176.77551779,7045.6476841,2204.12852366,,2149.15634531,373149452608,2757670166930,4128875396150,,1719.02977716,,8411.93698077,0,,114758.398132,,1406.92934454,,6477.99467104,,5285.35915987,,63089.5273558,,5087.21887936,,6610.93172173,,13845.6072144,,12954.8297854
2079,,2.15189624422,,18215.0940928,,8535.1359268,,4546.90218334,8223.71718568,7059.24028468,2213.25807466,,2161.50548309,353973104733,2692352778600,4028418456490,,1717.42488039,,8539.42116267,0,,115366.402914,,1322.15145977,,6272.62332082,,5099.80257291,,64045.65872,,5116.49181737,,6604.75971523,,13925.0928128,,12979.822495
2080,,2.16166469485,,17764.195569,,8289.02087321,,4517.55934713,8263.21549835,7066.82147977,2218.44069359,,2170.83877923,335768812633,2626644708960,3928229716540,,1715.2026664,,8657.69772305,0,,115883.025915,,1242.16133778,,6069.92379306,,4917.63791072,,64932.7329229,,5138.61955134,,6596.21367076,,13991.9746933,,12993.7620356
2081,,2.1716308865,,17310.6980421,,8055.81606837,,4483.57711721,8291.95174615,7065.62279947,2222.90149949,,2178.85155356,318488199681,2564174042560,3833574554590,,1713.51464744,,8762.12388668,0,,116286.105141,,1166.7066656,,5878.43594676,,4745.23411663,,65715.9291501,,5157.88590469,,6589.72199839,,14040.6333362,,12991.5580226
2082,,2.18055940291,,16924.3407106,,7843.15454674,,4448.75468346,8306.09063116,7052.44857142,2229.30667309,,2187.44787826,302085337148,2508300359100,3747293444380,,1713.36415843,,8848.81275984,0,,116553.512058,,1095.54794403,,5705.48371705,,4587.13199623,,66366.0956988,,5178.20037912,,6589.14325764,,14064.574491,,12967.3345744
2083,,2.18820399344,,16627.7846482,,7649.97523531,,4401.14588073,8309.0159131,7030.13661254,2237.9018606,,2197.21679192,286516590971,2458717832180,3669962993560,,1714.57808694,,8921.22616026,0,,116721.070046,,1028.45772991,,5549.66735954,,4442.66781741,,66909.196202,,5201.43182412,,6593.81170411,,14069.5278255,,12926.3095839
2084,,2.19417282597,,16433.9316261,,7476.77645096,,4345.51715505,8305.82350122,7002.85063642,2249.66728641,,2208.98392434,271740448552,2415668443740,3601542587540,,1717.18284885,,8983.37395221,0,,116836.619144,,965.219825079,,5411.0151338,,4311.63531883,,67375.3046416,,5229.35426475,,6603.82892624,,14064.122164,,12876.1388697
2085,,2.1991731596,,16343.2674285,,7324.216568,,4292.06109349,8300.91390765,6974.12742663,2265.5513605,,2223.63820291,257717426897,2379369315460,3542522738650,,1721.22546795,,9038.63699118,0,,116941.685001,,905.628775301,,5289.56046272,,4194.10512891,,67789.7774339,,5264.10309548,,6619.37576505,,14055.8088253,,12823.3255145
2086,,2.20300669763,,16351.3380697,,7193.25923699,,4248.81344431,8298.67878785,6947.48517197,2286.49741795,,2242.28467652,244409915073,2349660087410,3493528786630,,1726.78444666,,9089.86635145,0,,117073.985085,,849.489147437,,5184.79585502,,4090.26631878,,68173.9976359,,5308.31946525,,6640.75411995,,14052.0241316,,12774.3384107
2087,,2.20611596323,,16452.7320825,,7084.26769078,,4223.14685412,8302.79077568,6925.87153542,2313.1168818,,2265.74906108,231782164406,2326457581430,3454864469200,,1733.90204602,,9138.9023166,0,,117260.189781,,796.615337645,,5096.11606208,,4000.04468918,,68541.7673745,,5363.93547936,,6668.12651573,,14058.9868969,,12734.5974252
2088,,2.21002680705,,16616.6964794,,6996.27454628,,4221.20182291,8314.48900517,6910.27750618,2345.33203123,,2294.30218953,219800098013,2309908769320,3426225767190,,1742.49484639,,9186.28084293,0,,117507.071695,,746.830755008,,5022.97455647,,3922.68015088,,68897.106322,,5431.58775111,,6701.17214257,,14078.7953275,,12705.9246894
2089,,2.21492617233,,16782.8427864,,6925.22643729,,4235.91435762,8331.89554368,6899.27386497,2381.18378422,,2326.93366874,208431268766,2308058329010,3405169918100,,1751.92808974,,9230.87233249,0,,117803.487729,,699.967535804,,4976.864684,,3854.69193348,,69231.5424937,,5509.00934415,,6737.4498898,,14108.2695493,,12685.6922984
2090,,2.22136959904,,16935.6249793,,6874.31248711,,4285.60075791,8355.53691119,6893.206782,2422.14512627,,2364.20209098,197644824520,2306216678430,3393020256150,,1762.77539451,,9273.10602728,0,,118137.553274,,655.866280705,,4935.99300473,,3798.27344151,,69548.2952046,,5597.12173546,,6779.16574144,,14148.3011103,,12674.5367552
2091,,2.23000043072,,16996.9957782,,6831.60652189,,4334.13201747,8383.98311274,6891.05886396,2463.65168177,,2403.64919582,187411399201,2306628016810,3384710910800,,1773.64172521,,9313.54876758,0,,118490.855636,,614.375545801,,4899.97999035,,3746.28627193,,69851.6157569,,5690.58730814,,6820.9547618,,14196.4686224,,12670.5873791
2092,,2.23969691989,,16926.0791092,,6788.57705854,,4372.09493421,8417.08212282,6892.80347938,2502.66645636,,2442.494922,177703087639,2305828818200,3375516085390,,1783.62233864,,9353.26379519,0,,118848.219474,,575.351620042,,4861.48031766,,3693.64613267,,70149.4784639,,5782.6155246,,6859.33754887,,14252.514663,,12673.7952028
2093,,2.24999653316,,16739.187157,,6743.30469159,,4401.26601292,8451.50301501,6895.81052462,2538.54880774,,2479.51753659,168493412812,2303038641620,3364616589540,,1792.66344205,,9391.03218217,0,,119184.783001,,538.65827438,,4819.146334,,3639.68797402,,70432.7413663,,5870.31853986,,6894.10723009,,14310.7990261,,12679.3242558
2094,,2.25840213324,,16467.051055,,6694.62747041,,4414.3005092,8484.37415445,6897.81632646,2570.8137461,,2514.10789414,159757231603,2297917167390,3351487731730,,1800.7346419,,9425.92874567,0,,119481.831879,,504.166314352,,4772.37889621,,3583.93618976,,70694.4655925,,5952.26642623,,6925.14691993,,14366.4592169,,12683.0123229
2095,,2.26336588986,,16160.7606568,,6642.82635523,,4405.09760493,8514.56024835,6897.93457113,2599.75749075,,2546.20516516,151470740559,2290704088320,3336300448880,,1807.93144155,,9458.16007882,0,,119738.361725,,471.753457757,,4721.78082976,,3526.68958255,,70936.2005911,,6028.31076429,,6952.82389897,,14417.5728617,,12683.2297393
2096,,2.26651370144,,15891.709952,,6589.36288261,,4370.54847428,8543.7912356,6897.52187798,2626.36323248,,2576.19091904,143611278325,2282099320850,3319852054150,,1814.45268566,,9488.97095798,0,,119973.171499,,441.303576241,,4668.88746361,,3468.89899987,,71167.2821848,,6099.35624345,,6977.90287091,,14467.0692392,,12682.4709206
2097,,2.26874403845,,15713.2354014,,6536.04532468,,4310.61671849,8574.92807077,6898.80585554,2651.77993364,,2604.69274332,136157239447,2272900288540,3303102992560,,1820.51204025,,9519.90843334,0,,120211.743752,,412.706314206,,4615.38295364,,3411.62433084,,71399.31325,,6166.88683565,,7001.20553848,,14519.7927595,,12684.8317696
2098,,2.27117751429,,15643.6437501,,6484.43303531,,4232.75112773,8610.35686649,6903.58456422,2677.01950908,,2632.31263226,129088060931,2263791618960,3286897975880,,1826.29070399,,9552.37738348,0,,120476.263174,,385.856938852,,4562.66813189,,3355.74523178,,71642.8303761,,6232.33158216,,7023.42874367,,14579.78379,,12693.6183795
2099,,2.27427313631,,15676.0950654,,6435.85036097,,4148.09618626,8652.28442793,6913.5097381,2702.88842611,,2659.72054924,122384162237,2255298464900,3271917919790,,1831.92894601,,9587.52885945,0,,120785.83132,,360.656048644,,4511.77936799,,3301.89837907,,71906.4664459,,6297.27228136,,7045.1119242,,14650.7790798,,12711.8677931
2100,,2.27868353566,,15801.7633454,,6391.44090773,,4069.00883455,8702.58299666,6930.00030544,2730.06386768,,2687.59852003,116026932467,2247843314820,3258757163070,,1837.54025895,,9626.3631803,0,,121156.977349,,337.009426695,,4463.51455292,,3250.57064283,,72197.7238522,,6363.32947242,,7066.69154267,,14735.9488664,,12742.1889931
2101,,2.28529499936,,15998.3087309,,6351.46471934,,4005.85107894,8762.29262695,6953.89410005,2758.40983138,,2716.07111279,109998660566,2241537039120,3247672361900,,1843.09894064,,9668.79155638,0,,121592.847096,,314.827727109,,4418.03405929,,3202.01764931,,72515.9366729,,6430.78546994,,7088.06875533,,14837.0542576,,12786.1225044
2102,,2.29382074748,,16211.0581452,,6315.18035112,,3966.39822927,8831.0540471,6985.00317379,2787.27525221,,2744.77830951,104282515977,2236141909830,3238487205070,,1848.50304872,,9713.9270841,0,,122083.797301,,294.026314563,,4374.80594249,,3156.03370416,,72854.4531307,,6498.81703945,,7108.85151898,,14953.4869043,,12843.3227468
2103,,2.30165871243,,16390.3254882,,6281.34348266,,3948.91836053,8906.80922461,7021.76915709,2815.9444423,,2773.37870993,98862542509.8,2231146145110,3230500932340,,1853.66573718,,9760.64600558,0,,122611.993012,,274.52513919,,4332.78904769,,3111.84988972,,73204.8450419,,6566.59172812,,7128.70584691,,15081.7619719,,12910.9243466
2104,,2.30799570605,,16503.5493658,,6248.20448719,,3948.20615292,8986.62267709,7061.96442237,2843.48726218,,2801.15099183,93723634998.3,2225910608950,3222836921640,,1858.47365753,,9807.47132041,0,,123152.927456,,256.248559972,,4290.72842089,,3068.56584479,,73556.0349031,,6632.41367681,,7147.19583096,,15216.9088536,,12984.831366
2105,,2.3130919618,,16521.0766562,,6213.89341837,,3956.51835407,9066.52571179,7102.58570819,2868.91026714,,2827.24526716,88851428752.5,2219767897060,3214515664840,,1862.80954483,,9852.7774365,0,,123677.429337,,239.124933334,,4247.35630716,,3025.25638341,,73895.8307738,,6694.26130575,,7163.87050132,,15352.2074235,,13059.5217092
2106,,2.31645396626,,16443.9718654,,6177.31000202,,3962.39508843,9144.41408745,7142.12183323,2891.6068093,,2851.20648055,84232279470.1,2212304825430,3204945884830,,1866.61031909,,9895.48986,0,,124168.397765,,223.086464123,,4201.92691813,,2981.34966415,,74216.17395,,6751.06212953,,7178.48726912,,15484.0946024,,13132.2167676
2107,,2.31911175191,,16282.2611048,,6136.84403382,,3959.32563739,9218.19767779,7179.12223488,2910.72464593,,2872.20429592,79853219341.1,2202971915000,3193290011610,,1869.78334941,,9934.13450231,0,,124604.48016,,208.06899469,,4153.46272279,,2936.11677675,,74506.0087673,,6800.85239342,,7190.68990055,,15609.031212,,13200.2493924
2108,,2.32195317816,,16033.381816,,6091.23604947,,3944.84651687,9284.32240859,7210.87434489,2925.61181792,,2889.5376678,75701903054.3,2191356476950,3178866475340,,1872.26304229,,9967.49658577,0,,124962.34596,,194.011774492,,4101.27370287,,2889.01568805,,74756.2243933,,6841.96308208,,7200.22614046,,15720.9991935,,13258.6319853
2109,,2.32545516329,,15722.0361559,,6040.12442564,,3917.75238539,9340.57801011,7235.66869528,2936.10889143,,2902.96969922,71766597797.4,2177356513700,3161458313950,,1874.04570914,,9995.09549454,0,,125230.650329,,180.857349997,,4045.26829374,,2839.91546841,,74963.216209,,6873.83392508,,7207.08180344,,15816.2559314,,13304.2213482
2110,,2.330083888,,15399.713194,,5984.15337007,,3877.88646857,9385.93884684,7252.69283672,2942.64059956,,2912.78068539,68036152806.9,2161232483040,3141364583480,,1875.20085056,,10017.3458422,0,,125411.052569,,168.551402342,,3986.02561245,,2789.1432003,,75130.0938163,,6897.1260038,,7211.52417038,,15893.064733,,13335.5236308
2111,,2.33647115249,,15125.922465,,5924.71524701,,3826.53279357,9421.77591665,7262.95347481,2946.10321326,,2919.63102163,64499975131,2143528854180,3119298524300,,1875.85523328,,10035.415057,0,,125520.239919,,157.042604018,,3924.625387,,2737.37555396,,75265.6129277,,6913.40574358,,7214.04075243,,15953.7470877,,13354.3898622
2112,,2.34586000546,,14947.4946929,,5863.60886995,,3768.13354037,9451.1058186,7268.71524891,2947.69574285,,2924.3698568,61147995939.6,2124966204320,3096208957310,,1876.17241086,,10050.9759978,0,,125584.862186,,146.28245549,,3862.43295151,,2685.48975464,,75382.3199835,,6924.68151719,,7215.26053311,,16003.4109559,,13364.9840341
2113,,2.35495096424,,14883.7912608,,5802.51517063,,3703.01309093,9477.12464881,7272.34359997,2948.41454633,,2927.9790309,57970664764.1,2106130932560,3072954522300,,1876.28698902,,10065.4716533,0,,125630.081771,,136.225192655,,3800.52827565,,2634.17988795,,75491.0373998,,6933.2861252,,7215.70117026,,16047.4682377,,13371.6554819
2114,,2.36200946405,,14911.9681851,,5742.62730825,,3641.93483817,9503.2127548,7276.35130165,2949.17001316,,2930.99879108,54958970786.3,2087548650870,3050189524400,,1876.32478958,,10080.2318025,0,,125679.458815,,126.827755234,,3739.84999001,,2584.04434944,,75601.7385186,,6940.48439582,,7215.84654119,,16091.6428232,,13379.0244415
2115,,2.36645627758,,15065.6972738,,5686.89020873,,3591.00735459,9534.3497341,7284.43875955,2951.85587344,,2935.06795245,52104356856.1,2070310598890,3029497157080,,1876.53550152,,10098.1509911,0,,125777.928068,,118.049503823,,3682.31100747,,2536.3513408,,75736.132433,,6950.16546445,,7216.65688331,,16144.3665875,,13393.8948473
2116,,2.36961432679,,15402.0599868,,5636.87392963,,3560.81066644,9574.85406159,7299.77354881,2957.59894771,,2941.05848658,49398703598.2,2055049511840,3011801942790,,1877.07224987,,10121.0561515,0,,125956.703442,,109.852111849,,3628.95571738,,2491.79124604,,75907.921136,,6964.41929986,,7218.72107483,,16212.9519372,,13422.0909186
2117,,2.37215016395,,15820.7434886,,5590.76012528,,3559.91848097,9622.52544867,7320.65297642,2965.32292258,,2948.0854003,46834277262.4,2041122251650,2996126145490,,1877.80997248,,10147.4270823,0,,126192.807643,,102.199379954,,3578.56270292,,2449.49672645,,76105.7031176,,6981.13248391,,7221.55815997,,16293.6731579,,13460.4819144
2118,,2.37439484641,,16101.346424,,5545.47316936,,3583.24785532,9671.89646158,7343.02201935,2972.98273157,,2954.70639185,44403741618.4,2027323585860,2980746782790,,1878.49562756,,10174.1740139,0,,126438.257636,,95.0571983174,,3528.97071563,,2407.96574686,,76306.3051046,,6996.87966967,,7224.19500721,,16377.2723286,,13501.6118654
2119,,2.37725804714,,16116.2571686,,5498.71561144,,3612.07386603,9717.68088472,7362.98590258,2978.86390415,,2959.98454901,42100122985.8,2012649468960,2964307357500,,1878.91419549,,10198.6216083,0,,126650.840652,,88.3934056099,,3478.43135531,,2365.98358793,,76489.6620623,,7009.44770047,,7225.80470823,,16454.7983825,,13538.3194501
2120,,2.38102093682,,15879.3571398,,5448.96120302,,3628.67852145,9754.55389772,7376.60218254,2981.81379809,,2963.26131092,39916801482,1996434924900,2945883596520,,1878.92111054,,10218.8867999,0,,126796.128748,,82.1777087286,,3425.83066426,,2322.77078667,,76641.6509993,,7017.27670478,,7225.83130169,,16517.2348838,,13563.355699
2121,,2.3867940893,,15474.9861745,,5395.31007458,,3626.63349571,9778.83740057,7381.12390621,2981.28109705,,2963.98460123,37847492228.4,1978370988980,2924969172570,,1878.44703073,,10233.968918,0,,126852.921712,,76.381582778,,3370.69436522,,2277.98695084,,76754.7668847,,7019.06025843,,7224.00811671,,16558.3537627,,13571.6697906
2122,,2.39510934086,,14998.2584942,,5337.43299856,,3606.62188877,9788.84502279,7375.27287506,2977.13642779,,2961.84956993,35886225772.8,1958392919000,2901381686400,,1877.47378177,,10243.5078533,0,,126812.395074,,70.9781725956,,3312.97521975,,2231.58427901,,76826.3088994,,7014.07222727,,7220.26525984,,16575.2995142,,13560.9115018
2123,,2.40521507371,,14521.5720814,,5275.6314763,,3573.27801178,9785.22656011,7359.52795193,2969.67303808,,2956.90113367,34027344611.3,1936669977260,2875289183490,,1876.03438979,,10247.7991289,0,,126679.521961,,65.9422289082,,3253.0201216,,2183.78642492,,76858.4934665,,7002.41623357,,7214.72974075,,16569.1724275,,13531.9613175
2124,,2.41275057997,,14101.3955941,,5211.08538779,,3527.95044756,9770.48041503,7335.73402921,2959.65625788,,2949.81205834,32265502458.1,1913621974750,2847293205390,,1874.22011173,,10247.898167,0,,126473.009265,,61.2500494162,,3191.58297945,,2135.09302839,,76859.2362526,,6985.67999626,,7207.75250947,,16544.2030086,,13488.2114406
2125,,2.41820972015,,13793.6266132,,5145.18600993,,3481.79762815,9747.95510843,7306.34190646,2948.2436038,,2941.19793272,30595654798.4,1889872219360,2818246142960,,1872.17385755,,10245.5045092,0,,126219.572945,,56.8794029367,,3129.73167203,,2086.22338804,,76841.2838191,,6965.3420913,,7199.88315964,,16506.0612562,,13434.1681554
2126,,2.42179213114,,13635.9264034,,5079.83090215,,3441.7091984,9721.98661362,7274.51817168,2936.818162,,2932.12913129,29012998087.6,1866149094490,2789156364060,,1870.06891148,,10242.7255065,0,,125953.334677,,52.8093614763,,3068.6752076,,2037.97105332,,76820.4412984,,6943.90658757,,7191.78809642,,16462.0892065,,13375.6538661
2127,,2.42313807625,,13650.6736326,,5016.95669992,,3415.51286315,9698.53852707,7244.63331645,2926.85476186,,2923.72782353,27512985897.4,1843201179180,2761160682780,,1868.09025697,,10241.8883299,0,,125715.2734,,49.0202828871,,3009.61942077,,1991.14146517,,76814.1624744,,6924.06152081,,7184.17871696,,16422.3849251,,13320.7045938
2128,,2.42437043134,,13853.8214421,,4958.41497956,,3415.01688785,9684.3674102,7221.63831782,2919.85156392,,2917.05081248,26091295606.8,1821780069880,2735316074220,,1866.432669,,10245.4075647,0,,125549.19978,,45.4937029079,,2953.73977361,,1946.49612783,,76840.5567352,,6908.2964749,,7177.80407408,,16398.3891926,,13278.4236984
2129,,2.4261867821,,14255.1222183,,4905.64572491,,3447.59439883,9685.54846017,7209.9822929,2916.90491322,,2913.05629289,24743818565.1,1802417930780,2712452214150,,1865.24285619,,10255.1471065,0,,125491.680672,,42.2122743299,,2901.82351913,,1904.53527566,,76913.6032988,,6898.89711823,,7173.2283702,,16400.3890462,,13256.9917697
2130,,2.42917041882,,14731.8500472,,4857.107152,,3511.05974276,9700.43274009,7208.46196384,2916.82316185,,2910.99853447,23466658364.9,1784500462850,2691664338080,,1864.38774482,,10269.4088806,0,,125520.867542,,39.1597214569,,2852.80389012,,1864.52245803,,77020.5666048,,6894.08632046,,7169.93983908,,16425.5923666,,13254.1963412
2131,,2.43449685518,,15112.6430006,,4812.0868801,,3596.33770345,9726.41028043,7215.17346294,2918.9747277,,2910.64282818,22256116804.7,1767694094570,2672484843070,,1863.7977548,,10287.2787569,0,,125620.125492,,36.3207745091,,2806.09018742,,1826.03833836,,77154.590677,,6893.29811577,,7167.67089426,,16469.5797329,,13266.5367721
2132,,2.44395259844,,15399.0187299,,4770.24783868,,3688.75117785,9762.31826678,7229.29313955,2922.91001901,,2912.02697479,21108682771.7,1751760504610,2654660666100,,1863.42271061,,10308.1195438,0,,125780.37061,,33.6811115288,,2761.25852062,,1788.78802951,,77310.8965785,,6896.63700994,,7166.22857398,,16530.3821695,,13292.4986163
2133,,2.45400522402,,15585.5822696,,4730.93738287,,3768.03816845,9806.08071014,7249.34468013,2927.81487901,,2915.05202737,20021030624.7,1736295185930,2637686772990,,1863.16753501,,10330.6934556,0,,125984.33674,,31.2273173458,,2717.63729449,,1752.31303795,,77480.2009168,,6903.85912461,,7165.24723641,,16604.4844364,,13329.3673765
2134,,2.46245978726,,15647.3523857,,4692.98433053,,3824.08137567,9854.59583889,7273.10404201,2932.75399559,,2919.05207854,18990032152.7,1720851179820,2620902945350,,1862.9236801,,10353.5212629,0,,126208.402751,,28.946863512,,2674.50829276,,1716.14059973,,77651.4094714,,6913.40002979,,7164.30943523,,16686.6343517,,13373.0537064
2135,,2.46865512362,,15579.5041512,,4655.38983624,,3853.13446835,9904.4190593,7298.07352888,2937.01241201,,2923.35941201,18012722797.1,1705102683430,2603748638560,,1862.61045008,,10375.4240125,0,,126430.539165,,26.8280176221,,2631.36100502,,1679.93364289,,77815.6800934,,6923.66723883,,7163.1048358,,16770.9992384,,13418.9650926
2136,,2.47198644671,,15415.0284417,,4617.38651899,,3856.85555319,9952.15815183,7321.77465598,2940.12653635,,2927.38106223,17086297722.1,1688844337640,2585838481020,,1862.17558148,,10395.6005743,0,,126632.314983,,24.8598032625,,2587.8841767,,1643.49640196,,77967.004307,,6933.2583971,,7161.43244675,,16851.8351037,,13462.5443462
2137,,2.47323240202,,15199.3019085,,4578.451503,,3842.65337997,9995.92328672,7342.83112321,2941.89043624,,2930.62095151,16208095635.9,1671993649060,2566947452040,,1861.59706021,,10413.6467631,0,,126803.518765,,23.0319434662,,2543.96251908,,1606.76266531,,78102.350723,,6941.00051404,,7159.20760767,,16925.941928,,13501.2608647
2138,,2.47459929099,,14983.3118591,,4538.34422453,,3822.13004027,10035.5652735,7361.1399953,2942.35955073,,2932.73493916,15375588523.2,1654588749380,2547015987930,,1860.88388198,,10429.5655411,0,,126943.061543,,21.3348157993,,2499.66638079,,1569.78596437,,78221.7415586,,6946.0754388,,7156.4649137,,16993.0670896,,13534.9253811
2139,,2.47691116449,,14810.0680739,,4497.25487118,,3804.00052379,10071.787629,7377.2118548,2941.8060747,,2933.750815,14586372823.9,1636761656390,2526180348470,,1860.07024525,,10443.7125659,0,,127056.274567,,19.7594116049,,2455.20500187,,1532.70622658,,78327.8442442,,6948.54525352,,7153.33588306,,17054.4018426,,13564.4767032
2140,,2.47982552737,,14718.2689448,,4455.71594374,,3796.39372056,10105.2878998,7391.51426112,2940.75745851,,2933.95618833,13838172692.2,1618749853210,2504767747550,,1859.22120792,,10456.8673619,0,,127152.56577,,18.2973131276,,2410.93870983,,1495.75643922,,78426.5052145,,6949.09551839,,7150.0707111,,17111.1273318,,13590.7745324
2141,,2.4836931614,,14709.9992975,,4413.78367673,,3803.07114654,10135.2803713,7403.43667895,2939.26943464,,2933.38622946,13128832173.1,1600577663090,2482808246230,,1858.34342795,,10469.0997837,0,,127230.17323,,16.9406559187,,2366.90239551,,1458.965714,,78518.2483778,,6947.81168797,,7146.69500259,,17161.9131188,,13612.6962776
2142,,2.48951780633,,14780.5883058,,4372.47664976,,3834.79677187,10164.7220032,7415.10460032,2938.40441189,,2932.62627602,12456307239.1,1582693663780,2460903574180,,1857.56781562,,10482.0510528,0,,127313.248666,,15.6820928401,,2323.75280151,,1422.73442657,,78615.382896,,6946.06798709,,7143.71220367,,17211.7661777,,13634.1500803
2143,,2.49715938333,,15069.2297184,,4333.75081416,,3905.74286279,10201.3346473,7432.10467784,2940.00522362,,2932.95198163,11818660018.4,1565868907890,2440201773270,,1857.12575949,,10498.6679803,0,,127452.928231,,14.5147625491,,2282.59750444,,1387.72289301,,78740.009852,,6946.90112842,,7142.01217327,,17273.7618003,,13665.4081165
2144,,2.50451553808,,15592.7594019,,4298.07784756,,4014.7723986,10248.6204351,7456.98765544,2944.28813641,,2934.86102362,11214059164.3,1550184749310,2420884804140,,1857.05181835,,10519.4046475,0,,127664.639436,,13.4322667121,,2243.51386264,,1353.95578743,,78895.5348564,,6951.48431775,,7141.7278153,,17353.8300916,,13711.1604382
2145,,2.51115314454,,16125.27333,,4264.22901463,,4139.48923066,10302.9536004,7487.16502876,2949.66807288,,2937.84432878,10640774871.6,1534975151580,2402107630620,,1857.15418322,,10541.8569933,0,,127915.905588,,12.4286412419,,2205.50298807,,1320.83079684,,79063.9274497,,6958.61506744,,7142.12148339,,17445.8315981,,13766.6475634
2146,,2.51718934845,,16407.1666063,,4230.72925969,,4245.71338759,10357.4793818,7517.7209889,2954.26153063,,2941.20892262,10097167324.4,1519461814080,2382867784430,,1857.19786016,,10563.0653187,0,,128159.543942,,11.4983213192,,2167.43463685,,1287.69206522,,79222.9898901,,6966.64952054,,7142.28945328,,17538.1592584,,13822.830796
2147,,2.52162831247,,16355.2586753,,4196.4160905,,4306.73561146,10406.2506897,7544.40120891,2956.76539922,,2944.25717006,9581684402.9,1503119100120,2362447563300,,1857.01702394,,10580.909822,0,,128358.326604,,10.6361190906,,2128.56918832,,1254.13551357,,79356.8236649,,6973.93744854,,7141.59400521,,17620.742958,,13871.8877066
2148,,2.52572625261,,16053.3333391,,4160.3607039,,4318.81728238,10445.4983014,7564.5146146,2956.62478004,,2946.12886549,9092856107.61,1485742792880,2340434155640,,1856.54000987,,10594.3994194,0,,128490.792859,,9.83719856724,,2088.64063392,,1220.04272831,,79457.9956457,,6978.44656784,,7139.75953588,,17687.2003303,,13908.8702182
2149,,2.52969573617,,15637.116774,,4122.13839377,,4289.31906087,10473.5729338,7576.87459476,2953.80915399,,2946.27447816,8629286254.91,1467342092290,2316691972570,,1855.7596198,,10603.3626823,0,,128549.430591,,9.09704895538,,2047.68893427,,1185.46903562,,79525.2201176,,6978.86191226,,7136.75836302,,17734.7386701,,13931.5965091
2150,,2.53335072747,,15211.033985,,4081.5881329,,4232.49724483,10491.1630716,7581.97004934,2948.530151,,2944.34187758,8189653819.82,1448016261800,2291256156980,,1854.69753268,,10608.0231118,0,,128537.524456,,8.41146962884,,2005.8781537,,1150.54187174,,79560.1733389,,6974.35646693,,7132.6738582,,17764.5237777,,13940.9655196
