access_scenario,scenario,name_run,q,region,year,e_cool_CC,e_cool_noCC,e_cool_delta
projected,EN_NPi2100,tm23ts23,0.95,AFR,2030,0.15874,0.12956,0.02918
projected,EN_NPi2100,tm23ts23,0.95,AFR,2040,0.30785,0.23335,0.0745
projected,EN_NPi2100,tm23ts23,0.95,AFR,2050,0.64493,0.45404,0.19089
projected,EN_NPi2100,tm23ts23,0.95,AFR,2060,1.60509,1.04644,0.55865
projected,EN_NPi2100,tm23ts23,0.95,AFR,2070,4.103,2.48299,1.62001
projected,EN_NPi2100,tm23ts23,0.95,AFR,2080,8.12604,4.5801,3.54594
projected,EN_NPi2100,tm23ts23,0.95,AFR,2090,12.08012,6.34668,5.73345
projected,EN_NPi2100,tm23ts23,0.95,AFR,2100,14.40964,7.06263,7.34701
projected,EN_NPi2100,tm23ts23,0.95,CPA,2030,0.55533,0.42314,0.1322
projected,EN_NPi2100,tm23ts23,0.95,CPA,2040,0.63628,0.44371,0.19257
projected,EN_NPi2100,tm23ts23,0.95,CPA,2050,0.7043,0.45173,0.25257
projected,EN_NPi2100,tm23ts23,0.95,CPA,2060,0.73121,0.43182,0.29939
projected,EN_NPi2100,tm23ts23,0.95,CPA,2070,0.72987,0.39831,0.33156
projected,EN_NPi2100,tm23ts23,0.95,CPA,2080,0.70922,0.35858,0.35064
projected,EN_NPi2100,tm23ts23,0.95,CPA,2090,0.67811,0.31768,0.36043
projected,EN_NPi2100,tm23ts23,0.95,CPA,2100,0.64597,0.28071,0.36526
projected,EN_NPi2100,tm23ts23,0.95,EEU,2030,0.38613,0.25879,0.12734
projected,EN_NPi2100,tm23ts23,0.95,EEU,2040,0.49794,0.27432,0.22362
projected,EN_NPi2100,tm23ts23,0.95,EEU,2050,0.56996,0.26447,0.30549
projected,EN_NPi2100,tm23ts23,0.95,EEU,2060,0.6393,0.25334,0.38595
projected,EN_NPi2100,tm23ts23,0.95,EEU,2070,0.67941,0.23344,0.44597
projected,EN_NPi2100,tm23ts23,0.95,EEU,2080,0.70161,0.21126,0.49036
projected,EN_NPi2100,tm23ts23,0.95,EEU,2090,0.71649,0.19013,0.52635
projected,EN_NPi2100,tm23ts23,0.95,EEU,2100,0.72733,0.17105,0.55628
projected,EN_NPi2100,tm23ts23,0.95,FSU,2030,0.19023,0.13469,0.05553
projected,EN_NPi2100,tm23ts23,0.95,FSU,2040,0.26834,0.16832,0.10002
projected,EN_NPi2100,tm23ts23,0.95,FSU,2050,0.32362,0.18056,0.14305
projected,EN_NPi2100,tm23ts23,0.95,FSU,2060,0.37254,0.18478,0.18776
projected,EN_NPi2100,tm23ts23,0.95,FSU,2070,0.41193,0.1827,0.22923
projected,EN_NPi2100,tm23ts23,0.95,FSU,2080,0.44125,0.17581,0.26544
projected,EN_NPi2100,tm23ts23,0.95,FSU,2090,0.46073,0.16547,0.29526
projected,EN_NPi2100,tm23ts23,0.95,FSU,2100,0.47409,0.15429,0.3198
projected,EN_NPi2100,tm23ts23,0.95,LAM,2030,2.29281,1.83126,0.46155
projected,EN_NPi2100,tm23ts23,0.95,LAM,2040,4.00003,2.91415,1.08588
projected,EN_NPi2100,tm23ts23,0.95,LAM,2050,5.37555,3.57817,1.79738
projected,EN_NPi2100,tm23ts23,0.95,LAM,2060,6.46414,3.937,2.52714
projected,EN_NPi2100,tm23ts23,0.95,LAM,2070,7.14232,3.98277,3.15955
projected,EN_NPi2100,tm23ts23,0.95,LAM,2080,7.48943,3.83527,3.65416
projected,EN_NPi2100,tm23ts23,0.95,LAM,2090,7.6223,3.58728,4.03503
projected,EN_NPi2100,tm23ts23,0.95,LAM,2100,7.67612,3.32339,4.35273
projected,EN_NPi2100,tm23ts23,0.95,MEA,2030,1.3016,1.08981,0.21179
projected,EN_NPi2100,tm23ts23,0.95,MEA,2040,2.05064,1.63147,0.41917
projected,EN_NPi2100,tm23ts23,0.95,MEA,2050,2.87555,2.15962,0.71593
projected,EN_NPi2100,tm23ts23,0.95,MEA,2060,3.76001,2.66052,1.09949
projected,EN_NPi2100,tm23ts23,0.95,MEA,2070,4.64125,3.09444,1.54681
projected,EN_NPi2100,tm23ts23,0.95,MEA,2080,5.38355,3.37933,2.00421
projected,EN_NPi2100,tm23ts23,0.95,MEA,2090,5.91752,3.48641,2.43111
projected,EN_NPi2100,tm23ts23,0.95,MEA,2100,6.20609,3.42313,2.78296
projected,EN_NPi2100,tm23ts23,0.95,NAM,2030,1.035,0.75061,0.28439
projected,EN_NPi2100,tm23ts23,0.95,NAM,2040,1.13873,0.72719,0.41155
projected,EN_NPi2100,tm23ts23,0.95,NAM,2050,1.23551,0.70071,0.5348
projected,EN_NPi2100,tm23ts23,0.95,NAM,2060,1.33693,0.6762,0.66073
projected,EN_NPi2100,tm23ts23,0.95,NAM,2070,1.43511,0.65333,0.78178
projected,EN_NPi2100,tm23ts23,0.95,NAM,2080,1.52207,0.62751,0.89456
projected,EN_NPi2100,tm23ts23,0.95,NAM,2090,1.59853,0.59887,0.99966
projected,EN_NPi2100,tm23ts23,0.95,NAM,2100,1.66557,0.56929,1.09628
projected,EN_NPi2100,tm23ts23,0.95,PAO,2030,0.25449,0.18994,0.06455
projected,EN_NPi2100,tm23ts23,0.95,PAO,2040,0.26872,0.18127,0.08745
projected,EN_NPi2100,tm23ts23,0.95,PAO,2050,0.27593,0.16886,0.10707
projected,EN_NPi2100,tm23ts23,0.95,PAO,2060,0.27951,0.15537,0.12413
projected,EN_NPi2100,tm23ts23,0.95,PAO,2070,0.27857,0.14118,0.1374
projected,EN_NPi2100,tm23ts23,0.95,PAO,2080,0.27486,0.12738,0.14749
projected,EN_NPi2100,tm23ts23,0.95,PAO,2090,0.26918,0.11423,0.15495
projected,EN_NPi2100,tm23ts23,0.95,PAO,2100,0.26192,0.10196,0.15995
projected,EN_NPi2100,tm23ts23,0.95,PAS,2030,1.08974,0.91263,0.1771
projected,EN_NPi2100,tm23ts23,0.95,PAS,2040,1.86157,1.48854,0.37304
projected,EN_NPi2100,tm23ts23,0.95,PAS,2050,2.7309,2.08099,0.64991
projected,EN_NPi2100,tm23ts23,0.95,PAS,2060,3.38047,2.44722,0.93324
projected,EN_NPi2100,tm23ts23,0.95,PAS,2070,3.72058,2.56091,1.15967
projected,EN_NPi2100,tm23ts23,0.95,PAS,2080,4.09078,2.67576,1.41503
projected,EN_NPi2100,tm23ts23,0.95,PAS,2090,4.31591,2.67608,1.63983
projected,EN_NPi2100,tm23ts23,0.95,PAS,2100,4.34111,2.54985,1.79126
projected,EN_NPi2100,tm23ts23,0.95,SAS,2030,1.62512,1.47437,0.15075
projected,EN_NPi2100,tm23ts23,0.95,SAS,2040,2.83475,2.43654,0.3982
projected,EN_NPi2100,tm23ts23,0.95,SAS,2050,5.4136,4.4113,1.0023
projected,EN_NPi2100,tm23ts23,0.95,SAS,2060,8.96944,6.92115,2.04829
projected,EN_NPi2100,tm23ts23,0.95,SAS,2070,12.47071,9.11319,3.35752
projected,EN_NPi2100,tm23ts23,0.95,SAS,2080,15.02354,10.39839,4.62515
projected,EN_NPi2100,tm23ts23,0.95,SAS,2090,16.20233,10.6095,5.59283
projected,EN_NPi2100,tm23ts23,0.95,SAS,2100,16.41827,10.16498,6.25328
projected,EN_NPi2100,tm23ts23,0.95,WEU,2030,1.83663,1.35696,0.47967
projected,EN_NPi2100,tm23ts23,0.95,WEU,2040,2.20866,1.40839,0.80027
projected,EN_NPi2100,tm23ts23,0.95,WEU,2050,2.45533,1.36726,1.08806
projected,EN_NPi2100,tm23ts23,0.95,WEU,2060,2.64884,1.29342,1.35541
projected,EN_NPi2100,tm23ts23,0.95,WEU,2070,2.78444,1.20081,1.58363
projected,EN_NPi2100,tm23ts23,0.95,WEU,2080,2.88451,1.10497,1.77953
projected,EN_NPi2100,tm23ts23,0.95,WEU,2090,2.96634,1.01344,1.9529
projected,EN_NPi2100,tm23ts23,0.95,WEU,2100,3.02164,0.92459,2.09704
