access_scenario,scenario,name_run,q,region,GCAM Region,Population,year,e_cool_CC,e_cool_noCC,e_cool_delta,Percentage change,,
projected,EN_NPi2100,tm23ts23,0.95,AFR,Africa_Eastern,434.426,2030,0.04077,0.03327,0.00749,22.53%,,
projected,EN_NPi2100,tm23ts23,0.95,AFR,Africa_Eastern,532.68,2040,0.07910,0.05996,0.01914,31.92%,,
projected,EN_NPi2100,tm23ts23,0.95,AFR,Africa_Eastern,631.121,2050,0.16512,0.11625,0.04887,42.04%,,
projected,EN_NPi2100,tm23ts23,0.95,AFR,Africa_Eastern,724.714,2060,0.40929,0.26684,0.14245,53.39%,,
projected,EN_NPi2100,tm23ts23,0.95,AFR,Africa_Eastern,807.639,2070,1.03927,0.62893,0.41034,65.24%,,
projected,EN_NPi2100,tm23ts23,0.95,AFR,Africa_Eastern,876.919,2080,2.04202,1.15095,0.89107,77.42%,,
projected,EN_NPi2100,tm23ts23,0.95,AFR,Africa_Eastern,930.909,2090,3.01147,1.58217,1.42930,90.34%,,
projected,EN_NPi2100,tm23ts23,0.95,AFR,Africa_Eastern,969.235,2100,3.56682,1.74821,1.81861,104.03%,,
projected,EN_NPi2100,tm23ts23,0.95,AFR,Africa_Northern,234.942,2030,0.02205,0.01799,0.00405,22.53%,,
projected,EN_NPi2100,tm23ts23,0.95,AFR,Africa_Northern,262.559,2040,0.03899,0.02955,0.00943,31.92%,,
projected,EN_NPi2100,tm23ts23,0.95,AFR,Africa_Northern,287.975,2050,0.07534,0.05304,0.02230,42.04%,,
projected,EN_NPi2100,tm23ts23,0.95,AFR,Africa_Northern,307.46,2060,0.17364,0.11321,0.06044,53.39%,,
projected,EN_NPi2100,tm23ts23,0.95,AFR,Africa_Northern,321.701,2070,0.41397,0.25052,0.16345,65.24%,,
projected,EN_NPi2100,tm23ts23,0.95,AFR,Africa_Northern,331.922,2080,0.77292,0.43564,0.33728,77.42%,,
projected,EN_NPi2100,tm23ts23,0.95,AFR,Africa_Northern,338.266,2090,1.09428,0.57492,0.51937,90.34%,,
projected,EN_NPi2100,tm23ts23,0.95,AFR,Africa_Northern,340.12,2100,1.25165,0.61348,0.63818,104.03%,,
projected,EN_NPi2100,tm23ts23,0.95,AFR,Africa_Southern,243.135,2030,0.02282,0.01862,0.00419,22.53%,,
projected,EN_NPi2100,tm23ts23,0.95,AFR,Africa_Southern,307.381,2040,0.04564,0.03460,0.01105,31.92%,,
projected,EN_NPi2100,tm23ts23,0.95,AFR,Africa_Southern,374.973,2050,0.09811,0.06907,0.02904,42.04%,,
projected,EN_NPi2100,tm23ts23,0.95,AFR,Africa_Southern,442.586,2060,0.24996,0.16296,0.08700,53.39%,,
projected,EN_NPi2100,tm23ts23,0.95,AFR,Africa_Southern,506.698,2070,0.65202,0.39458,0.25744,65.24%,,
projected,EN_NPi2100,tm23ts23,0.95,AFR,Africa_Southern,564.525,2080,1.31457,0.74093,0.57364,77.42%,,
projected,EN_NPi2100,tm23ts23,0.95,AFR,Africa_Southern,614.268,2090,1.98715,1.04401,0.94314,90.34%,,
projected,EN_NPi2100,tm23ts23,0.95,AFR,Africa_Southern,654.12,2100,2.40718,1.17984,1.22735,104.03%,,
projected,EN_NPi2100,tm23ts23,0.95,AFR,Africa_Western,714.784,2030,0.06707,0.05474,0.01233,22.53%,,
projected,EN_NPi2100,tm23ts23,0.95,AFR,Africa_Western,901.084,2040,0.13380,0.10142,0.03238,31.92%,,
projected,EN_NPi2100,tm23ts23,0.95,AFR,Africa_Western,1097.53,2050,0.28715,0.20216,0.08499,42.04%,,
projected,EN_NPi2100,tm23ts23,0.95,AFR,Africa_Western,1291.71,2060,0.72951,0.47560,0.25391,53.39%,,
projected,EN_NPi2100,tm23ts23,0.95,AFR,Africa_Western,1476,2070,1.89932,1.14940,0.74992,65.24%,,
projected,EN_NPi2100,tm23ts23,0.95,AFR,Africa_Western,1639.79,2080,3.81846,2.15221,1.66625,77.42%,,
projected,EN_NPi2100,tm23ts23,0.95,AFR,Africa_Western,1774.99,2090,5.74206,3.01677,2.72529,90.34%,,
projected,EN_NPi2100,tm23ts23,0.95,AFR,Africa_Western,1877.52,2100,6.90934,3.38649,3.52285,104.03%,,
projected,EN_NPi2101,tm23ts24,1.95,AFR,South Africa,64.38,2030,0.00604,0.004930663,0.00111,22.53%,,
projected,EN_NPi2102,tm23ts25,2.95,AFR,South Africa,69.488,2040,0.01032,0.007821391,0.00250,31.92%,,
projected,EN_NPi2103,tm23ts26,3.95,AFR,South Africa,73.381,2050,0.01920,0.013516639,0.00568,42.04%,,
projected,EN_NPi2104,tm23ts27,4.95,AFR,South Africa,75.596,2060,0.04269,0.027834129,0.01486,53.39%,,
projected,EN_NPi2105,tm23ts28,5.95,AFR,South Africa,76.484,2070,0.09842,0.059560221,0.03886,65.24%,,
projected,EN_NPi2106,tm23ts29,6.95,AFR,South Africa,76.468,2080,0.17807,0.100363526,0.07770,77.42%,,
projected,EN_NPi2107,tm23ts30,7.95,AFR,South Africa,75.783,2090,0.24516,0.128800824,0.11636,90.34%,,
projected,EN_NPi2108,tm23ts31,8.95,AFR,South Africa,74.631,2100,0.27464,0.134612204,0.14003,104.03%,,
projected,EN_NPi2100,tm23ts23,0.95,AFR,,1691.667,2030,0.15874,0.12956,0.02918,22.53%,,
projected,EN_NPi2100,tm23ts23,0.95,AFR,,2073.192,2040,0.30785,0.23335,0.07450,31.92%,,
projected,EN_NPi2100,tm23ts23,0.95,AFR,,2464.98,2050,0.64493,0.45404,0.19089,42.04%,,
projected,EN_NPi2100,tm23ts23,0.95,AFR,,2842.066,2060,1.60509,1.04644,0.55865,53.39%,,
projected,EN_NPi2100,tm23ts23,0.95,AFR,,3188.522,2070,4.10300,2.48299,1.62001,65.24%,,
projected,EN_NPi2100,tm23ts23,0.95,AFR,,3489.624,2080,8.12604,4.58010,3.54594,77.42%,,
projected,EN_NPi2100,tm23ts23,0.95,AFR,,3734.216,2090,12.08012,6.34668,5.73345,90.34%,,
projected,EN_NPi2100,tm23ts23,0.95,AFR,,3915.626,2100,14.40964,7.06263,7.34701,104.03%,,
projected,EN_NPi2100,tm23ts23,0.95,CPA,China,1425.12,2030,0.5553325398075196,0.42313576228877214,0.13220,31.24%,,
projected,EN_NPi2100,tm23ts23,0.95,CPA,China,1388.17,2040,0.6362801814559162,0.44371406980488315,0.19257,43.40%,,
projected,EN_NPi2100,tm23ts23,0.95,CPA,China,1324.82,2050,0.7042970616106113,0.4517253506298455,0.25257,55.91%,,
projected,EN_NPi2100,tm23ts23,0.95,CPA,China,1218.57,2060,0.7312127309937486,0.43182407993916405,0.29939,69.33%,,
projected,EN_NPi2100,tm23ts23,0.95,CPA,China,1097.96,2070,0.7298703998237599,0.3983081032284872,0.33156,83.24%,,
projected,EN_NPi2100,tm23ts23,0.95,CPA,China,985.048,2080,0.7092188121358235,0.35857552704295326,0.35064,97.79%,,
projected,EN_NPi2100,tm23ts23,0.95,CPA,China,874.582,2090,0.6781063413542359,0.31767685130141265,0.36043,113.46%,,
projected,EN_NPi2100,tm23ts23,0.95,CPA,China,777.192,2100,0.6459714896751818,0.28071416971024227,0.36526,130.12%,,
projected,EN_NPi2100,tm23ts23,0.95,EEU,,151.016,2030,0.3861326360919951,0.258792023,0.12734,49.21%,,
projected,EN_NPi2100,tm23ts23,0.95,EEU,,143.823,2040,0.4979420672784872,0.27432382697000224,0.22362,81.52%,,
projected,EN_NPi2100,tm23ts23,0.95,EEU,,136.597,2050,0.5699618107141365,0.2644673394269771,0.30549,115.51%,,
projected,EN_NPi2100,tm23ts23,0.95,EEU,,129.102,2060,0.6392975226877528,0.25334356530119745,0.38595,152.34%,,
projected,EN_NPi2100,tm23ts23,0.95,EEU,,121.725,2070,0.6794058323952992,0.23343983613613173,0.44597,191.04%,,
projected,EN_NPi2100,tm23ts23,0.95,EEU,,115.458,2080,0.7016142345114481,0.2112589724571328,0.49036,232.11%,,
projected,EN_NPi2100,tm23ts23,0.95,EEU,,111.102,2090,0.7164866709327345,0.1901340031152314,0.52635,276.83%,,
projected,EN_NPi2100,tm23ts23,0.95,EEU,,108.288,2100,0.7273314627862677,0.17105295215201186,0.55628,325.21%,,
projected,EN_NPi2100,tm23ts23,0.95,EEU,EU-12,100.181,2030,0.256152683,0.171677462,0.08448,,,
projected,EN_NPi2100,tm23ts23,0.95,EEU,EU-12,96.133,2040,0.332830387,0.183361301,0.14947,,,
projected,EN_NPi2100,tm23ts23,0.95,EEU,EU-12,92.148,2050,0.384494835,0.178409016,0.20609,,,
projected,EN_NPi2100,tm23ts23,0.95,EEU,EU-12,88.29,2060,0.437201424,0.173256056,0.26395,,,
projected,EN_NPi2100,tm23ts23,0.95,EEU,EU-12,84.469,2070,0.471462159,0.161991617,0.30947,,,
projected,EN_NPi2100,tm23ts23,0.95,EEU,EU-12,81.299,2080,0.494037101,0.148756632,0.34528,,,
projected,EN_NPi2100,tm23ts23,0.95,EEU,EU-12,79.448,2090,0.51235291,0.135963045,0.37639,,,
projected,EN_NPi2100,tm23ts23,0.95,EEU,EU-12,78.82,2100,0.529405529,0.124504965,0.40490,,,
projected,EN_NPi2100,tm23ts23,0.95,EEU,Europe_Eastern,50.835,2030,0.129979953,0.087114561,0.04287,,,
projected,EN_NPi2100,tm23ts23,0.95,EEU,Europe_Eastern,47.69,2040,0.16511168,0.090962526,0.07415,,,
projected,EN_NPi2100,tm23ts23,0.95,EEU,Europe_Eastern,44.449,2050,0.185466976,0.086058323,0.09941,,,
projected,EN_NPi2100,tm23ts23,0.95,EEU,Europe_Eastern,40.812,2060,0.202096098,0.080087509,0.12201,,,
projected,EN_NPi2100,tm23ts23,0.95,EEU,Europe_Eastern,37.256,2070,0.207943674,0.07144822,0.13650,,,
projected,EN_NPi2100,tm23ts23,0.95,EEU,Europe_Eastern,34.159,2080,0.207577133,0.062502341,0.14507,,,
projected,EN_NPi2100,tm23ts23,0.95,EEU,Europe_Eastern,31.654,2090,0.204133761,0.054170958,0.14996,,,
projected,EN_NPi2100,tm23ts23,0.95,EEU,Europe_Eastern,29.468,2100,0.197925934,0.046547987,0.15138,,,
projected,EN_NPi2100,tm23ts23,0.95,FSU,,247.336,2030,0.19022738408949333,0.134693969,0.05553,41.20%,,
projected,EN_NPi2100,tm23ts23,0.95,FSU,,252.982,2040,0.268343705,0.16832477767267753,0.10002,59.40%,,
projected,EN_NPi2100,tm23ts23,0.95,FSU,,258.39,2050,0.3236153632761528,0.1805611065929994,0.14305,79.20%,,
projected,EN_NPi2100,tm23ts23,0.95,FSU,,260.24,2060,0.37254197394784344,0.18477746933407876,0.18776,101.60%,,
projected,EN_NPi2100,tm23ts23,0.95,FSU,,259.783,2070,0.41192757136291924,0.1826998880344396,0.22923,125.50%,,
projected,EN_NPi2100,tm23ts23,0.95,FSU,,258.931,2080,0.44124712009962286,0.17580872185101043,0.26544,151.00%,,
projected,EN_NPi2100,tm23ts23,0.95,FSU,,257.954,2090,0.4607254056902379,0.16546842151929023,0.29526,178.40%,,
projected,EN_NPi2100,tm23ts23,0.95,FSU,,255.797,2100,0.4740915890771958,0.15429256147398165,0.31980,207.30%,,
projected,EN_NPi2100,tm23ts23,0.95,FSU,Central Asia,105.689,2030,0.081285951,0.057556,0.02373,,,
projected,EN_NPi2100,tm23ts23,0.95,FSU,Central Asia,115.668,2040,0.122691653,0.076961169,0.04573,,,
projected,EN_NPi2100,tm23ts23,0.95,FSU,Central Asia,125.036,2050,0.156598826,0.087374273,0.06922,,,
projected,EN_NPi2100,tm23ts23,0.95,FSU,Central Asia,132,2060,0.188962268,0.093723586,0.09524,,,
projected,EN_NPi2100,tm23ts23,0.95,FSU,Central Asia,137.038,2070,0.217295707,0.096375926,0.12092,,,
projected,EN_NPi2100,tm23ts23,0.95,FSU,Central Asia,140.711,2080,0.239787138,0.09553982,0.14425,,,
projected,EN_NPi2100,tm23ts23,0.95,FSU,Central Asia,143.028,2090,0.255458854,0.091747433,0.16371,,,
projected,EN_NPi2100,tm23ts23,0.95,FSU,Central Asia,143.593,2100,0.266133823,0.086612946,0.17952,,,
projected,EN_NPi2100,tm23ts23,0.95,FSU,Russia,141.647,2030,0.108941433,0.077137969,0.03180,,,
projected,EN_NPi2100,tm23ts23,0.95,FSU,Russia,137.314,2040,0.145652052,0.091363609,0.05429,,,
projected,EN_NPi2100,tm23ts23,0.95,FSU,Russia,133.354,2050,0.167016538,0.093186833,0.07383,,,
projected,EN_NPi2100,tm23ts23,0.95,FSU,Russia,128.24,2060,0.183579706,0.091053884,0.09253,,,
projected,EN_NPi2100,tm23ts23,0.95,FSU,Russia,122.745,2070,0.194631865,0.086323962,0.10831,,,
projected,EN_NPi2100,tm23ts23,0.95,FSU,Russia,118.22,2080,0.201459982,0.080268902,0.12119,,,
projected,EN_NPi2100,tm23ts23,0.95,FSU,Russia,114.926,2090,0.205266551,0.073720988,0.13155,,,
projected,EN_NPi2100,tm23ts23,0.95,FSU,Russia,112.204,2100,0.207957766,0.067679615,0.14028,,,
projected,EN_NPi2100,tm23ts23,0.95,LAM,,565.578,2030,2.29281,1.83126,0.46155,25.20%,,
projected,EN_NPi2100,tm23ts23,0.95,LAM,,592.067,2040,4.00003,2.91415,1.08588,37.26%,,
projected,EN_NPi2100,tm23ts23,0.95,LAM,,605.339,2050,5.37555,3.57817,1.79738,50.23%,,
projected,EN_NPi2100,tm23ts23,0.95,LAM,,606.473,2060,6.46414,3.93700,2.52714,64.19%,,
projected,EN_NPi2100,tm23ts23,0.95,LAM,,596.775,2070,7.14232,3.98277,3.15955,79.33%,,
projected,EN_NPi2100,tm23ts23,0.95,LAM,,577.983,2080,7.48943,3.83527,3.65416,95.28%,,
projected,EN_NPi2100,tm23ts23,0.95,LAM,,553.884,2090,7.62230,3.58728,4.03503,112.48%,,
projected,EN_NPi2100,tm23ts23,0.95,LAM,,732.342,2100,7.67612,3.32339,4.35273,130.97%,,
projected,EN_NPi2100,tm23ts23,0.95,LAM,Argentina,47.55,2030,0.192763675,0.153959886,0.03880,,,
projected,EN_NPi2100,tm23ts23,0.95,LAM,Argentina,49.913,2040,0.337214483,0.24567188,0.09154,,,
projected,EN_NPi2100,tm23ts23,0.95,LAM,Argentina,51.564,2050,0.457899855,0.304795448,0.15310,,,
projected,EN_NPi2100,tm23ts23,0.95,LAM,Argentina,52.257,2060,0.556985441,0.339232961,0.21775,,,
projected,EN_NPi2100,tm23ts23,0.95,LAM,Argentina,52.06,2070,0.623064681,0.347439299,0.27563,,,
projected,EN_NPi2100,tm23ts23,0.95,LAM,Argentina,51.102,2080,0.662173569,0.339092961,0.32308,,,
projected,EN_NPi2100,tm23ts23,0.95,LAM,Argentina,49.553,2090,0.68192628,0.320934321,0.36099,,,
projected,EN_NPi2100,tm23ts23,0.95,LAM,Argentina,47.661,2100,0.499563781,0.216286844,0.28328,,,
projected,EN_NPi2100,tm23ts23,0.95,LAM,Brazil,223.459,2030,0.905883869,0.7235272786,0.18236,,,
projected,EN_NPi2100,tm23ts23,0.95,LAM,Brazil,229.961,2040,1.553626903,1.1318684754,0.42176,,,
projected,EN_NPi2100,tm23ts23,0.95,LAM,Brazil,230.972,2050,2.05108303,1.3652783776,0.68580,,,
projected,EN_NPi2100,tm23ts23,0.95,LAM,Brazil,227.276,2060,2.422439543,1.4753910561,0.94705,,,
projected,EN_NPi2100,tm23ts23,0.95,LAM,Brazil,219.498,2070,2.62699676,1.4648911121,1.16211,,,
projected,EN_NPi2100,tm23ts23,0.95,LAM,Brazil,208.533,2080,2.702145531,1.3837437373,1.31840,,,
projected,EN_NPi2100,tm23ts23,0.95,LAM,Brazil,196.595,2090,2.705452688,1.2732646416,1.43219,,,
projected,EN_NPi2100,tm23ts23,0.95,LAM,Brazil,185.102,2100,1.940166068,0.8399976358,1.10017,,,
projected,EN_NPi2100,tm23ts23,0.95,LAM,Central America and Caribbean,99.056,2030,0.401564638,0.3207287158,0.08084,,,
projected,EN_NPi2100,tm23ts23,0.95,LAM,Central America and Caribbean,106.281,2040,0.718039237,0.5231152823,0.19492,,,
projected,EN_NPi2100,tm23ts23,0.95,LAM,Central America and Caribbean,111.297,2050,0.988342258,0.6578779575,0.33046,,,
projected,EN_NPi2100,tm23ts23,0.95,LAM,Central America and Caribbean,113.916,2060,1.214182857,0.7395002004,0.47468,,,
projected,EN_NPi2100,tm23ts23,0.95,LAM,Central America and Caribbean,114.276,2070,1.367678438,0.7626579592,0.60502,,,
projected,EN_NPi2100,tm23ts23,0.95,LAM,Central America and Caribbean,112.607,2080,1.459147961,0.7472161770,0.71193,,,
projected,EN_NPi2100,tm23ts23,0.95,LAM,Central America and Caribbean,109.253,2090,1.503491048,0.7075865708,0.79590,,,
projected,EN_NPi2100,tm23ts23,0.95,LAM,Central America and Caribbean,104.855,2100,1.099048703,0.4758346863,0.62321,,,
projected,EN_NPi2100,tm23ts23,0.95,LAM,Colombia,53.985,2030,0.21885062,0.174795466,0.04406,,,
projected,EN_NPi2100,tm23ts23,0.95,LAM,Colombia,56.228,2040,0.379878908,0.276754322,0.10312,,,
projected,EN_NPi2100,tm23ts23,0.95,LAM,Colombia,56.986,2050,0.506048428,0.336844958,0.16920,,,
projected,EN_NPi2100,tm23ts23,0.95,LAM,Colombia,56.514,2060,0.602359019,0.366867818,0.23549,,,
projected,EN_NPi2100,tm23ts23,0.95,LAM,Colombia,54.944,2070,0.65758098,0.366686609,0.29089,,,
projected,EN_NPi2100,tm23ts23,0.95,LAM,Colombia,52.316,2080,0.677904435,0.347148592,0.33076,,,
projected,EN_NPi2100,tm23ts23,0.95,LAM,Colombia,49.11,2090,0.675829912,0.318065193,0.35776,,,
projected,EN_NPi2100,tm23ts23,0.95,LAM,Colombia,45.985,2100,0.481996611,0.208681112,0.27332,,,
projected,EN_NPi2100,tm23ts23,0.95,LAM,South America_Northern,33.727,2030,0.136726403,0.109203051,0.02752,,,
projected,EN_NPi2100,tm23ts23,0.95,LAM,South America_Northern,36.39,2040,0.245852484,0.179111649,0.06674,,,
projected,EN_NPi2100,tm23ts23,0.95,LAM,South America_Northern,38.013,2050,0.337563944,0.224695318,0.11287,,,
projected,EN_NPi2100,tm23ts23,0.95,LAM,South America_Northern,39.029,2060,0.415993739,0.253361717,0.16263,,,
projected,EN_NPi2100,tm23ts23,0.95,LAM,South America_Northern,39.589,2070,0.473809213,0.264210035,0.20960,,,
projected,EN_NPi2100,tm23ts23,0.95,LAM,South America_Northern,39.59,2080,0.513002458,0.262703815,0.25030,,,
projected,EN_NPi2100,tm23ts23,0.95,LAM,South America_Northern,38.96,2090,0.53615014,0.252327834,0.28382,,,
projected,EN_NPi2100,tm23ts23,0.95,LAM,South America_Northern,37.694,2100,0.395093623,0.171056341,0.22404,,,
projected,EN_NPi2100,tm23ts23,0.95,LAM,South America_Northern,100.183,2030,0.406133401,0.324377776,0.08176,,,
projected,EN_NPi2100,tm23ts23,0.95,LAM,South America_Southern,107.801,2040,0.728308425,0.530596725,0.19771,,,
projected,EN_NPi2100,tm23ts23,0.95,LAM,South America_Southern,113.294,2050,1.006076065,0.669682249,0.33639,,,
projected,EN_NPi2100,tm23ts23,0.95,LAM,South America_Southern,116.507,2060,1.241799239,0.756320006,0.48548,,,
projected,EN_NPi2100,tm23ts23,0.95,LAM,South America_Southern,117.481,2070,1.40603653,0.784047566,0.62199,,,
projected,EN_NPi2100,tm23ts23,0.95,LAM,South America_Southern,116.408,2080,1.508400862,0.772438132,0.73596,,,
projected,EN_NPi2100,tm23ts23,0.95,LAM,South America_Southern,113.835,2090,1.566546488,0.737262293,0.82928,,,
projected,EN_NPi2100,tm23ts23,0.95,LAM,South America_Southern,110.413,2100,1.157305465,0.501057033,0.65625,,,
projected,EN_NPi2100,tm23ts23,0.95,MEA,,311.045,2030,1.3016046902689729,1.089814731,0.21179,19.43%,,
projected,EN_NPi2100,tm23ts23,0.95,MEA,,349.732,2040,2.0506411252119863,1.631471246,0.41917,25.69%,,
projected,EN_NPi2100,tm23ts23,0.95,MEA,,383.897,2050,2.875553275771117,2.159624412,0.71593,33.15%,,
projected,EN_NPi2100,tm23ts23,0.95,MEA,,409.642,2060,3.7600086527562038,2.660522075,1.09949,41.33%,,
projected,EN_NPi2100,tm23ts23,0.95,MEA,,426.613,2070,4.641250561607727,3.094438639,1.54681,49.99%,,
projected,EN_NPi2100,tm23ts23,0.95,MEA,,437.274,2080,5.383545644364177,3.379331488,2.00421,59.31%,,
projected,EN_NPi2100,tm23ts23,0.95,MEA,,443.801,2090,5.917516674844475,3.486409265,2.43111,69.73%,,
projected,EN_NPi2100,tm23ts23,0.95,MEA,,446.365,2100,6.206086690423698,3.423125958,2.78296,81.30%,,
projected,EN_NPi2100,tm23ts23,0.95,NAM,,529.685,2030,1.035001373,0.750614017,0.28439,37.89%,,
projected,EN_NPi2100,tm23ts23,0.95,NAM,,553.665,2040,1.138731958,0.727186646,0.41155,56.59%,,
projected,EN_NPi2100,tm23ts23,0.95,NAM,,567.44,2050,1.235510686,0.700705829,0.53480,76.32%,,
projected,EN_NPi2100,tm23ts23,0.95,NAM,,573.6,2060,1.33693186,0.676201157,0.66073,97.71%,,
projected,EN_NPi2100,tm23ts23,0.95,NAM,,577.463,2070,1.435111008,0.653331789,0.78178,119.66%,,
projected,EN_NPi2100,tm23ts23,0.95,NAM,,577.301,2080,1.522069886,0.627512341,0.89456,142.56%,,
projected,EN_NPi2100,tm23ts23,0.95,NAM,,572.101,2090,1.598528462,0.598870696,0.99966,166.92%,,
projected,EN_NPi2100,tm23ts23,0.95,NAM,,565.241,2100,1.665571078,0.569291712,1.09628,192.57%,,
projected,EN_NPi2100,tm23ts23,0.95,NAM,USA,354.695,2030,0.693071943,0.502636546,0.19044,,,
projected,EN_NPi2100,tm23ts23,0.95,NAM,USA,369.148,2040,0.759232794,0.484841007,0.27439,,,
projected,EN_NPi2100,tm23ts23,0.95,NAM,USA,377.905,2050,0.822828256,0.466657684,0.35617,,,
projected,EN_NPi2100,tm23ts23,0.95,NAM,USA,383.101,2060,0.892921779,0.451627161,0.44129,,,
projected,EN_NPi2100,tm23ts23,0.95,NAM,USA,388.739,2070,0.966094136,0.439812674,0.52628,,,
projected,EN_NPi2100,tm23ts23,0.95,NAM,USA,392.949,2080,1.036020792,0.427126139,0.60889,,,
projected,EN_NPi2100,tm23ts23,0.95,NAM,USA,394.443,2090,1.102127705,0.41289974,0.68923,,,
projected,EN_NPi2100,tm23ts23,0.95,NAM,USA,395.319,2100,1.164869309,0.398151993,0.76672,,,
projected,EN_NPi2100,tm23ts23,0.95,NAM,Canada,40.852,2030,0.079824568,0.057891169,0.02193,,,
projected,EN_NPi2100,tm23ts23,0.95,NAM,Canada,43.7,2040,0.089878512,0.05739582,0.03248,,,
projected,EN_NPi2100,tm23ts23,0.95,NAM,Canada,45.801,2050,0.09972442,0.05655757,0.04317,,,
projected,EN_NPi2100,tm23ts23,0.95,NAM,Canada,47.548,2060,0.110823633,0.056053021,0.05477,,,
projected,EN_NPi2100,tm23ts23,0.95,NAM,Canada,49.418,2070,0.12281361,0.055910682,0.06690,,,
projected,EN_NPi2100,tm23ts23,0.95,NAM,Canada,51.129,2080,0.134803008,0.055575997,0.07923,,,
projected,EN_NPi2100,tm23ts23,0.95,NAM,Canada,52.489,2090,0.146661447,0.05494506,0.09172,,,
projected,EN_NPi2100,tm23ts23,0.95,NAM,Canada,53.832,2100,0.158624414,0.054217779,0.10441,,,
projected,EN_NPi2100,tm23ts23,0.95,NAM,Mexico,134.138,2030,0.262104863,0.190086302,0.07202,,,
projected,EN_NPi2100,tm23ts23,0.95,NAM,Mexico,140.817,2040,0.289620652,0.18494982,0.10467,,,
projected,EN_NPi2100,tm23ts23,0.95,NAM,Mexico,143.734,2050,0.31295801,0.177490574,0.13547,,,
projected,EN_NPi2100,tm23ts23,0.95,NAM,Mexico,142.951,2060,0.333186448,0.168520976,0.16467,,,
projected,EN_NPi2100,tm23ts23,0.95,NAM,Mexico,139.306,2070,0.346203262,0.157608432,0.18859,,,
projected,EN_NPi2100,tm23ts23,0.95,NAM,Mexico,133.223,2080,0.351246085,0.144810206,0.20644,,,
projected,EN_NPi2100,tm23ts23,0.95,NAM,Mexico,125.169,2090,0.34973931,0.131025896,0.21871,,,
projected,EN_NPi2100,tm23ts23,0.95,NAM,Mexico,116.09,2100,0.342077355,0.116921941,0.22516,,,
projected,EN_NPi2100,tm23ts23,0.95,PAO,,152.43,2030,0.254493162,0.18993984712730472,0.06455,34.00%,,
projected,EN_NPi2100,tm23ts23,0.95,PAO,,147.551,2040,0.268721612,0.1812746108335783,0.08745,48.20%,,
projected,EN_NPi2100,tm23ts23,0.95,PAO,,142.191,2050,0.275928281,0.16886273126512336,0.10707,63.40%,,
projected,EN_NPi2100,tm23ts23,0.95,PAO,,136.732,2060,0.279505026,0.15537127357969516,0.12413,79.90%,,
projected,EN_NPi2100,tm23ts23,0.95,PAO,,130.669,2070,0.278573885,0.14117701903772267,0.13740,97.30%,,
projected,EN_NPi2100,tm23ts23,0.95,PAO,,125.451,2080,0.274864064,0.12737851744525394,0.14749,115.80%,,
projected,EN_NPi2100,tm23ts23,0.95,PAO,,121.414,2090,0.269180299,0.11423116710137544,0.15495,135.60%,,
projected,EN_NPi2100,tm23ts23,0.95,PAO,,117.959,2100,0.261916595,0.10196273901091576,0.15995,156.90%,,
projected,EN_NPi2100,tm23ts23,0.95,PAO,Australia_NZ,33.562,2030,0.056034242,0.041820909,0.01421,,,
projected,EN_NPi2100,tm23ts23,0.95,PAO,Australia_NZ,36.017,2040,0.065594583,0.044248888,0.02135,,,
projected,EN_NPi2100,tm23ts23,0.95,PAO,Australia_NZ,38.051,2050,0.073839744,0.045188484,0.02865,,,
projected,EN_NPi2100,tm23ts23,0.95,PAO,Australia_NZ,39.729,2060,0.081213287,0.045144848,0.03607,,,
projected,EN_NPi2100,tm23ts23,0.95,PAO,Australia_NZ,41.172,2070,0.08777479,0.044482932,0.04329,,,
projected,EN_NPi2100,tm23ts23,0.95,PAO,Australia_NZ,42.345,2080,0.092778207,0.042995618,0.04978,,,
projected,EN_NPi2100,tm23ts23,0.95,PAO,Australia_NZ,43.228,2090,0.09583842,0.040670638,0.05517,,,
projected,EN_NPi2100,tm23ts23,0.95,PAO,Australia_NZ,44.113,2100,0.097948667,0.038130896,0.05982,,,
projected,EN_NPi2100,tm23ts23,0.95,PAO,Japan,118.868,2030,0.19845892,0.148118938,0.05034,,,
projected,EN_NPi2100,tm23ts23,0.95,PAO,Japan,111.534,2040,0.203127029,0.137025723,0.06610,,,
projected,EN_NPi2100,tm23ts23,0.95,PAO,Japan,104.14,2050,0.202088537,0.123674247,0.07841,,,
projected,EN_NPi2100,tm23ts23,0.95,PAO,Japan,97.003,2060,0.198291739,0.110226426,0.08807,,,
projected,EN_NPi2100,tm23ts23,0.95,PAO,Japan,89.497,2070,0.190799095,0.096694087,0.09411,,,
projected,EN_NPi2100,tm23ts23,0.95,PAO,Japan,83.106,2080,0.182085858,0.084382899,0.09770,,,
projected,EN_NPi2100,tm23ts23,0.95,PAO,Japan,78.186,2090,0.173341879,0.073560529,0.09978,,,
projected,EN_NPi2100,tm23ts23,0.95,PAO,Japan,73.846,2100,0.163967928,0.063831843,0.10014,,,
projected,EN_NPi2100,tm23ts23,0.95,PAS,,840.053,2030,1.089736673,0.912632858,0.17710,19.41%,,
projected,EN_NPi2100,tm23ts23,0.95,PAS,,881.696,2040,1.861571341,1.488535317,0.37304,25.06%,,
projected,EN_NPi2100,tm23ts23,0.95,PAS,,903.577,2050,2.730903719,2.080989847,0.64991,31.23%,,
projected,EN_NPi2100,tm23ts23,0.95,PAS,,907.111,2060,3.380465442,2.44722462,0.93324,38.13%,,
projected,EN_NPi2100,tm23ts23,0.95,PAS,,897.895,2070,3.720583524,2.56091067,1.15967,45.28%,,
projected,EN_NPi2100,tm23ts23,0.95,PAS,,880.077,2080,4.090782131,2.675757048,1.41503,52.88%,,
projected,EN_NPi2100,tm23ts23,0.95,PAS,,855.975,2090,4.315905499,2.67607891,1.63983,61.28%,,
projected,EN_NPi2100,tm23ts23,0.95,PAS,,828.031,2100,4.341109704,2.549850638,1.79126,70.25%,,
projected,EN_NPi2100,tm23ts23,0.95,PAS,Indonesia,291.204,2030,0.377756735,0.316363776,0.06139,,,
projected,EN_NPi2100,tm23ts23,0.95,PAS,Indonesia,307.522,2040,0.649287444,0.519178218,0.13011,,,
projected,EN_NPi2100,tm23ts23,0.95,PAS,Indonesia,316.968,2050,0.957980438,0.729995551,0.22798,,,
projected,EN_NPi2100,tm23ts23,0.95,PAS,Indonesia,319.428,2060,1.190389396,0.8617601,0.32863,,,
projected,EN_NPi2100,tm23ts23,0.95,PAS,Indonesia,317.879,2070,1.31718672,0.906631313,0.41056,,,
projected,EN_NPi2100,tm23ts23,0.95,PAS,Indonesia,313.51,2080,1.45726011,0.953185451,0.50407,,,
projected,EN_NPi2100,tm23ts23,0.95,PAS,Indonesia,306.374,2090,1.54476618,0.95783288,0.58693,,,
projected,EN_NPi2100,tm23ts23,0.95,PAS,Indonesia,297.128,2100,1.557749944,0.914980261,0.64277,,,
projected,EN_NPi2100,tm23ts23,0.95,PAS,Southeast Asia,473.475,2030,0.614202998,0.514382833,0.09982,,,
projected,EN_NPi2100,tm23ts23,0.95,PAS,Southeast Asia,501.062,2040,1.05791867,0.845924766,0.21199,,,
projected,EN_NPi2100,tm23ts23,0.95,PAS,Southeast Asia,518.105,2050,1.565881902,1.193225641,0.37266,,,
projected,EN_NPi2100,tm23ts23,0.95,PAS,Southeast Asia,525.536,2060,1.958477283,1.417802935,0.54067,,,
projected,EN_NPi2100,tm23ts23,0.95,PAS,Southeast Asia,524.492,2070,2.173323488,1.495917852,0.67741,,,
projected,EN_NPi2100,tm23ts23,0.95,PAS,Southeast Asia,517.246,2080,2.404267688,1.572617658,0.83165,,,
projected,EN_NPi2100,tm23ts23,0.95,PAS,Southeast Asia,505.722,2090,2.549897322,1.581064842,0.96883,,,
projected,EN_NPi2100,tm23ts23,0.95,PAS,Southeast Asia,491.377,2100,2.576137202,1.513153441,1.06298,,,
projected,EN_NPi2100,tm23ts23,0.95,PAS,South Korea,51.345,2030,0.066605952,0.055781164,0.01082,,,
projected,EN_NPi2100,tm23ts23,0.95,PAS,South Korea,49.461,2040,0.104429622,0.083503209,0.02093,,,
projected,EN_NPi2100,tm23ts23,0.95,PAS,South Korea,45.989,2050,0.138993723,0.105915314,0.03308,,,
projected,EN_NPi2100,tm23ts23,0.95,PAS,South Korea,41.133,2060,0.153287398,0.11096954,0.04232,,,
projected,EN_NPi2100,tm23ts23,0.95,PAS,South Korea,36.154,2070,0.149810364,0.103115803,0.04669,,,
projected,EN_NPi2100,tm23ts23,0.95,PAS,South Korea,31.621,2080,0.146981028,0.096139444,0.05084,,,
projected,EN_NPi2100,tm23ts23,0.95,PAS,South Korea,27.59,2090,0.139111344,0.086256044,0.05286,,,
projected,EN_NPi2100,tm23ts23,0.95,PAS,South Korea,24.244,2100,0.127103772,0.074657324,0.05245,,,
projected,EN_NPi2100,tm23ts23,0.95,PAS,Taiwan,24.029,2030,0.031170989,0.026105085,0.00507,,,
projected,EN_NPi2100,tm23ts23,0.95,PAS,Taiwan,23.651,2040,0.049935606,0.039929124,0.01001,,,
projected,EN_NPi2100,tm23ts23,0.95,PAS,Taiwan,22.515,2050,0.068047656,0.051853341,0.01619,,,
projected,EN_NPi2100,tm23ts23,0.95,PAS,Taiwan,21.014,2060,0.078311365,0.056692046,0.02162,,,
projected,EN_NPi2100,tm23ts23,0.95,PAS,Taiwan,19.37,2070,0.080262952,0.055245702,0.02502,,,
projected,EN_NPi2100,tm23ts23,0.95,PAS,Taiwan,17.7,2080,0.082273305,0.053814495,0.02846,,,
projected,EN_NPi2100,tm23ts23,0.95,PAS,Taiwan,16.289,2090,0.082130652,0.050925143,0.03121,,,
projected,EN_NPi2100,tm23ts23,0.95,PAS,Taiwan,15.282,2100,0.080118786,0.047059612,0.03306,,,
projected,EN_NPi2100,tm23ts23,0.95,SAS,,2070.824,2030,1.6251235499015197,1.474373087,0.15075,10.22%,,
projected,EN_NPi2100,tm23ts23,0.95,SAS,,2244.759,2040,2.834746195801962,2.436542202,0.39820,16.34%,,
projected,EN_NPi2100,tm23ts23,0.95,SAS,,2371.909,2050,5.4135971147760245,4.411296864,1.00230,22.72%,,
projected,EN_NPi2100,tm23ts23,0.95,SAS,,2452.97,2060,8.969436883386498,6.921150027,2.04829,29.59%,,
projected,EN_NPi2100,tm23ts23,0.95,SAS,,2489.181,2070,12.47070669433273,9.113187008,3.35752,36.84%,,
projected,EN_NPi2100,tm23ts23,0.95,SAS,,2477.886,2080,15.02354035855314,10.39838801,4.62515,44.48%,,
projected,EN_NPi2100,tm23ts23,0.95,SAS,,2429.279,2090,16.202332647666413,10.60949949,5.59283,52.72%,,
projected,EN_NPi2100,tm23ts23,0.95,SAS,,2357.674,2100,16.41826777743928,10.16498454,6.25328,61.52%,,
projected,EN_NPi2100,tm23ts23,0.95,SAS,South Asia,289.922,2030,0.227522508,0.20641696,0.02111,,,
projected,EN_NPi2100,tm23ts23,0.95,SAS,South Asia,316.773,2040,0.400030051,0.343836814,0.05619,,,
projected,EN_NPi2100,tm23ts23,0.95,SAS,South Asia,337.751,2050,0.770876049,0.62815223,0.14272,,,
projected,EN_NPi2100,tm23ts23,0.95,SAS,South Asia,352.352,2060,1.288396933,0.994174839,0.29422,,,
projected,EN_NPi2100,tm23ts23,0.95,SAS,South Asia,358.931,2070,1.798231316,1.314088982,0.48414,,,
projected,EN_NPi2100,tm23ts23,0.95,SAS,South Asia,357.754,2080,2.169079472,1.501305914,0.66777,,,
projected,EN_NPi2100,tm23ts23,0.95,SAS,South Asia,349.951,2090,2.334035124,1.52835675,0.80568,,,
projected,EN_NPi2100,tm23ts23,0.95,SAS,South Asia,337.502,2100,2.350281766,1.455121705,0.89516,,,
projected,EN_NPi2100,tm23ts23,0.95,SAS,India,1509.3,2030,1.184455547,1.074582533,0.10987,,,
projected,EN_NPi2100,tm23ts23,0.95,SAS,India,1607.76,2040,2.030325547,1.745120563,0.28520,,,
projected,EN_NPi2100,tm23ts23,0.95,SAS,India,1668.48,2050,3.808104996,3.103053528,0.70505,,,
projected,EN_NPi2100,tm23ts23,0.95,SAS,India,1694.79,2060,6.197104708,4.78191574,1.41519,,,
projected,EN_NPi2100,tm23ts23,0.95,SAS,India,1691.27,2070,8.473201471,6.191940156,2.28126,,,
projected,EN_NPi2100,tm23ts23,0.95,SAS,India,1657.29,2080,10.04822788,6.954776963,3.09345,,,
projected,EN_NPi2100,tm23ts23,0.95,SAS,India,1601.09,2090,10.67863871,6.992512405,3.68613,,,
projected,EN_NPi2100,tm23ts23,0.95,SAS,India,1533.4,2100,10.6782243,6.611171557,4.06705,,,
projected,EN_NPi2100,tm23ts23,0.95,SAS,Pakistan,271.602,2030,0.213145495,0.193373594,0.01977,,,
projected,EN_NPi2100,tm23ts23,0.95,SAS,Pakistan,320.226,2040,0.404390598,0.347584825,0.05681,,,
projected,EN_NPi2100,tm23ts23,0.95,SAS,Pakistan,365.678,2050,0.834616069,0.680091106,0.15452,,,
projected,EN_NPi2100,tm23ts23,0.95,SAS,Pakistan,405.828,2060,1.483935242,1.145059448,0.33888,,,
projected,EN_NPi2100,tm23ts23,0.95,SAS,Pakistan,438.98,2070,2.199273908,1.607157869,0.59212,,,
projected,EN_NPi2100,tm23ts23,0.95,SAS,Pakistan,462.842,2080,2.806233001,1.942305136,0.86393,,,
projected,EN_NPi2100,tm23ts23,0.95,SAS,Pakistan,478.238,2090,3.189658809,2.088630338,1.10103,,,
projected,EN_NPi2100,tm23ts23,0.95,SAS,Pakistan,486.772,2100,3.389761707,2.098691275,1.29107,,,
projected,EN_NPi2100,tm23ts23,0.95,WEU,,434.016,2030,1.836628820857139,1.378491078,0.45814,0.33,,
projected,EN_NPi2100,tm23ts23,0.95,WEU,,437.957,2040,2.208662673,1.461728315,0.74693,0.51,,
projected,EN_NPi2100,tm23ts23,0.95,WEU,,437.973,2050,2.455325761875507,1.470658827,0.98467,0.67,,
projected,EN_NPi2100,tm23ts23,0.95,WEU,,433.49,2060,2.6488355112413635,1.379226585,1.26961,0.92,,
projected,EN_NPi2100,tm23ts23,0.95,WEU,,429.317,2070,2.784440019257682,1.275462887,1.50898,1.18,,
projected,EN_NPi2100,tm23ts23,0.95,WEU,,427.559,2080,2.884505426471472,1.172975268,1.71153,1.46,,
projected,EN_NPi2100,tm23ts23,0.95,WEU,,426.578,2090,2.966342961816673,1.076349592,1.88999,1.76,,
projected,EN_NPi2100,tm23ts23,0.95,WEU,,426.335,2100,3.0216362852421197,0.983484726,2.03815,2.07,,
projected,EN_NPi2100,tm23ts23,0.95,WEU,EU-15,349.22,2030,1.47779694,1.10916799,0.36863,,,
projected,EN_NPi2100,tm23ts23,0.95,WEU,EU-15,350.904,2040,1.769645345,1.17117962,0.59847,,,
projected,EN_NPi2100,tm23ts23,0.95,WEU,EU-15,349.353,2050,1.958512102,1.173083896,0.78543,,,
projected,EN_NPi2100,tm23ts23,0.95,WEU,EU-15,344.459,2060,2.10481264,1.095958408,1.00885,,,
projected,EN_NPi2100,tm23ts23,0.95,WEU,EU-15,340.144,2070,2.206086798,1.01053778,1.19555,,,
projected,EN_NPi2100,tm23ts23,0.95,WEU,EU-15,338.226,2080,2.281824806,0.927897046,1.35393,,,
projected,EN_NPi2100,tm23ts23,0.95,WEU,EU-15,337.522,2090,2.347064333,0.851641826,1.49542,,,
projected,EN_NPi2100,tm23ts23,0.95,WEU,EU-15,337.515,2100,2.392127249,0.778591595,1.61354,,,
projected,EN_NPi2100,tm23ts23,0.95,WEU,European Free Trade Association,84.796,2030,0.358831881,0.269323088,0.08951,,,
projected,EN_NPi2100,tm23ts23,0.95,WEU,European Free Trade Association,87.053,2040,0.439017327,0.290548695,0.14847,,,
projected,EN_NPi2100,tm23ts23,0.95,WEU,European Free Trade Association,88.62,2050,0.49681366,0.297574931,0.19924,,,
projected,EN_NPi2100,tm23ts23,0.95,WEU,European Free Trade Association,89.031,2060,0.544022871,0.283268177,0.26075,,,
projected,EN_NPi2100,tm23ts23,0.95,WEU,European Free Trade Association,89.173,2070,0.578353221,0.264925107,0.31343,,,
projected,EN_NPi2100,tm23ts23,0.95,WEU,European Free Trade Association,89.333,2080,0.60268062,0.245078222,0.35760,,,
projected,EN_NPi2100,tm23ts23,0.95,WEU,European Free Trade Association,89.056,2090,0.619278629,0.224707766,0.39457,,,
projected,EN_NPi2100,tm23ts23,0.95,WEU,European Free Trade Association,88.82,2100,0.629509036,0.204893132,0.42462,,,
