DLS,EN_NPi2100,tm23ts23,0.5,region,GCAM Region,Population,year,e_cool_CC,e_cool_noCC,e_cool_delta,Percentage change
DLS,EN_NPi2100,tm23ts23,0.5,AFR,Africa_Eastern,434.426,2030,0.04077,0.03327,0.0075,0.23
DLS,EN_NPi2100,tm23ts23,0.5,AFR,Africa_Eastern,532.68,2040,0.0791,0.05996,0.0191,0.32
DLS,EN_NPi2100,tm23ts23,0.5,AFR,Africa_Eastern,631.121,2050,0.16512,0.11625,0.0489,0.42
DLS,EN_NPi2100,tm23ts23,0.5,AFR,Africa_Eastern,724.714,2060,0.40929,0.26684,0.1425,0.53
DLS,EN_NPi2100,tm23ts23,0.5,AFR,Africa_Eastern,807.639,2070,1.03927,0.62893,0.4103,0.65
DLS,EN_NPi2100,tm23ts23,0.5,AFR,Africa_Eastern,876.919,2080,2.04202,1.15095,0.8911,0.77
DLS,EN_NPi2100,tm23ts23,0.5,AFR,Africa_Eastern,930.909,2090,3.01147,1.58217,1.4293,0.9
DLS,EN_NPi2100,tm23ts23,0.5,AFR,Africa_Eastern,969.235,2100,3.56682,1.74821,1.8186,1.04
DLS,EN_NPi2100,tm23ts23,0.5,AFR,Africa_Northern,234.942,2030,0.02205,0.01799,0.0041,0.23
DLS,EN_NPi2100,tm23ts23,0.5,AFR,Africa_Northern,262.559,2040,0.03899,0.02955,0.0094,0.32
DLS,EN_NPi2100,tm23ts23,0.5,AFR,Africa_Northern,287.975,2050,0.07534,0.05304,0.0223,0.42
DLS,EN_NPi2100,tm23ts23,0.5,AFR,Africa_Northern,307.46,2060,0.17364,0.11321,0.0604,0.53
DLS,EN_NPi2100,tm23ts23,0.5,AFR,Africa_Northern,321.701,2070,0.41397,0.25052,0.1634,0.65
DLS,EN_NPi2100,tm23ts23,0.5,AFR,Africa_Northern,331.922,2080,0.77292,0.43564,0.3373,0.77
DLS,EN_NPi2100,tm23ts23,0.5,AFR,Africa_Northern,338.266,2090,1.09428,0.57492,0.5194,0.9
DLS,EN_NPi2100,tm23ts23,0.5,AFR,Africa_Northern,340.12,2100,1.25165,0.61348,0.6382,1.04
DLS,EN_NPi2100,tm23ts23,0.5,AFR,Africa_Southern,243.135,2030,0.02282,0.01862,0.0042,0.23
DLS,EN_NPi2100,tm23ts23,0.5,AFR,Africa_Southern,307.381,2040,0.04564,0.0346,0.011,0.32
DLS,EN_NPi2100,tm23ts23,0.5,AFR,Africa_Southern,374.973,2050,0.09811,0.06907,0.029,0.42
DLS,EN_NPi2100,tm23ts23,0.5,AFR,Africa_Southern,442.586,2060,0.24996,0.16296,0.087,0.53
DLS,EN_NPi2100,tm23ts23,0.5,AFR,Africa_Southern,506.698,2070,0.65202,0.39458,0.2574,0.65
DLS,EN_NPi2100,tm23ts23,0.5,AFR,Africa_Southern,564.525,2080,1.31457,0.74093,0.5736,0.77
DLS,EN_NPi2100,tm23ts23,0.5,AFR,Africa_Southern,614.268,2090,1.98715,1.04401,0.9431,0.9
DLS,EN_NPi2100,tm23ts23,0.5,AFR,Africa_Southern,654.12,2100,2.40718,1.17984,1.2273,1.04
DLS,EN_NPi2100,tm23ts23,0.5,AFR,Africa_Western,714.784,2030,0.06707,0.05474,0.0123,0.23
DLS,EN_NPi2100,tm23ts23,0.5,AFR,Africa_Western,901.084,2040,0.1338,0.10142,0.0324,0.32
DLS,EN_NPi2100,tm23ts23,0.5,AFR,Africa_Western,1097.53,2050,0.28715,0.20216,0.085,0.42
DLS,EN_NPi2100,tm23ts23,0.5,AFR,Africa_Western,1291.71,2060,0.72951,0.4756,0.2539,0.53
DLS,EN_NPi2100,tm23ts23,0.5,AFR,Africa_Western,1476,2070,1.89932,1.1494,0.7499,0.65
DLS,EN_NPi2100,tm23ts23,0.5,AFR,Africa_Western,1639.79,2080,3.81846,2.15221,1.6663,0.77
DLS,EN_NPi2100,tm23ts23,0.5,AFR,Africa_Western,1774.99,2090,5.74206,3.01677,2.7253,0.9
DLS,EN_NPi2100,tm23ts23,0.5,AFR,Africa_Western,1877.52,2100,6.90934,3.38649,3.5228,1.04
DLS,EN_NPi2100,tm23ts23,0.5,AFR,South Africa,64.38,2030,0.00604,0.004930663,0.0011,0.23
DLS,EN_NPi2100,tm23ts23,0.5,AFR,South Africa,69.488,2040,0.01032,0.007821391,0.0025,0.32
DLS,EN_NPi2100,tm23ts23,0.5,AFR,South Africa,73.381,2050,0.0192,0.013516639,0.0057,0.42
DLS,EN_NPi2100,tm23ts23,0.5,AFR,South Africa,75.596,2060,0.04269,0.027834129,0.0149,0.53
DLS,EN_NPi2100,tm23ts23,0.5,AFR,South Africa,76.484,2070,0.09842,0.059560221,0.0389,0.65
DLS,EN_NPi2100,tm23ts23,0.5,AFR,South Africa,76.468,2080,0.17807,0.100363526,0.0777,0.77
DLS,EN_NPi2100,tm23ts23,0.5,AFR,South Africa,75.783,2090,0.24516,0.128800824,0.1164,0.9
DLS,EN_NPi2100,tm23ts23,0.5,AFR,South Africa,74.631,2100,0.27464,0.134612204,0.14,1.04
DLS,EN_NPi2100,tm23ts23,0.5,AFR,,1691.667,2030,0.15874,0.12956,0.0292,0.23
DLS,EN_NPi2100,tm23ts23,0.5,AFR,,2073.192,2040,0.30785,0.23335,0.0745,0.32
DLS,EN_NPi2100,tm23ts23,0.5,AFR,,2464.98,2050,0.64493,0.45404,0.1909,0.42
DLS,EN_NPi2100,tm23ts23,0.5,AFR,,2842.066,2060,1.60509,1.04644,0.5587,0.53
DLS,EN_NPi2100,tm23ts23,0.5,AFR,,3188.522,2070,4.103,2.48299,1.62,0.65
DLS,EN_NPi2100,tm23ts23,0.5,AFR,,3489.624,2080,8.12604,4.5801,3.5459,0.77
DLS,EN_NPi2100,tm23ts23,0.5,AFR,,3734.216,2090,12.08012,6.34668,5.7334,0.9
DLS,EN_NPi2100,tm23ts23,0.5,AFR,,3915.626,2100,14.40964,7.06263,7.347,1.04
DLS,EN_NPi2100,tm23ts23,0.5,CPA,China,1425.12,2030,0.55533254,0.423135762,0.1322,0.31
DLS,EN_NPi2100,tm23ts23,0.5,CPA,China,1388.17,2040,0.636280181,0.44371407,0.1926,0.43
DLS,EN_NPi2100,tm23ts23,0.5,CPA,China,1324.82,2050,0.704297062,0.451725351,0.2526,0.56
DLS,EN_NPi2100,tm23ts23,0.5,CPA,China,1218.57,2060,0.731212731,0.43182408,0.2994,0.69
DLS,EN_NPi2100,tm23ts23,0.5,CPA,China,1097.96,2070,0.7298704,0.398308103,0.3316,0.83
DLS,EN_NPi2100,tm23ts23,0.5,CPA,China,985.048,2080,0.709218812,0.358575527,0.3506,0.98
DLS,EN_NPi2100,tm23ts23,0.5,CPA,China,874.582,2090,0.678106341,0.317676851,0.3604,1.13
DLS,EN_NPi2100,tm23ts23,0.5,CPA,China,777.192,2100,0.64597149,0.28071417,0.3653,1.3
DLS,EN_NPi2100,tm23ts23,0.5,EEU,,151.016,2030,0.386132636,0.258792023,0.1273,0.49
DLS,EN_NPi2100,tm23ts23,0.5,EEU,,143.823,2040,0.497942067,0.274323827,0.2236,0.82
DLS,EN_NPi2100,tm23ts23,0.5,EEU,,136.597,2050,0.569961811,0.264467339,0.3055,1.16
DLS,EN_NPi2100,tm23ts23,0.5,EEU,,129.102,2060,0.639297523,0.253343565,0.386,1.52
DLS,EN_NPi2100,tm23ts23,0.5,EEU,,121.725,2070,0.679405832,0.233439836,0.446,1.91
DLS,EN_NPi2100,tm23ts23,0.5,EEU,,115.458,2080,0.701614235,0.211258972,0.4904,2.32
DLS,EN_NPi2100,tm23ts23,0.5,EEU,,111.102,2090,0.716486671,0.190134003,0.5264,2.77
DLS,EN_NPi2100,tm23ts23,0.5,EEU,,108.288,2100,0.727331463,0.171052952,0.5563,3.25
DLS,EN_NPi2100,tm23ts23,0.5,EEU,EU-12,100.181,2030,0.256152683,0.171677462,0.0845,0.49
DLS,EN_NPi2100,tm23ts23,0.5,EEU,EU-12,96.133,2040,0.332830387,0.183361301,0.1495,0.82
DLS,EN_NPi2100,tm23ts23,0.5,EEU,EU-12,92.148,2050,0.384494835,0.178409016,0.2061,1.16
DLS,EN_NPi2100,tm23ts23,0.5,EEU,EU-12,88.29,2060,0.437201424,0.173256056,0.2639,1.52
DLS,EN_NPi2100,tm23ts23,0.5,EEU,EU-12,84.469,2070,0.471462159,0.161991617,0.3095,1.91
DLS,EN_NPi2100,tm23ts23,0.5,EEU,EU-12,81.299,2080,0.494037101,0.148756632,0.3453,2.32
DLS,EN_NPi2100,tm23ts23,0.5,EEU,EU-12,79.448,2090,0.51235291,0.135963045,0.3764,2.77
DLS,EN_NPi2100,tm23ts23,0.5,EEU,EU-12,78.82,2100,0.529405529,0.124504965,0.4049,3.25
DLS,EN_NPi2100,tm23ts23,0.5,EEU,Europe_Eastern,50.835,2030,0.129979953,0.087114561,0.0429,0.49
DLS,EN_NPi2100,tm23ts23,0.5,EEU,Europe_Eastern,47.69,2040,0.16511168,0.090962526,0.0741,0.82
DLS,EN_NPi2100,tm23ts23,0.5,EEU,Europe_Eastern,44.449,2050,0.185466976,0.086058323,0.0994,1.16
DLS,EN_NPi2100,tm23ts23,0.5,EEU,Europe_Eastern,40.812,2060,0.202096098,0.080087509,0.122,1.52
DLS,EN_NPi2100,tm23ts23,0.5,EEU,Europe_Eastern,37.256,2070,0.207943674,0.07144822,0.1365,1.91
DLS,EN_NPi2100,tm23ts23,0.5,EEU,Europe_Eastern,34.159,2080,0.207577133,0.062502341,0.1451,2.32
DLS,EN_NPi2100,tm23ts23,0.5,EEU,Europe_Eastern,31.654,2090,0.204133761,0.054170958,0.15,2.77
DLS,EN_NPi2100,tm23ts23,0.5,EEU,Europe_Eastern,29.468,2100,0.197925934,0.046547987,0.1514,3.25
DLS,EN_NPi2100,tm23ts23,0.5,FSU,,247.336,2030,0.190227384,0.134693969,0.0555,0.41
DLS,EN_NPi2100,tm23ts23,0.5,FSU,,252.982,2040,0.268343705,0.168324778,0.1,0.59
DLS,EN_NPi2100,tm23ts23,0.5,FSU,,258.39,2050,0.323615363,0.180561107,0.1431,0.79
DLS,EN_NPi2100,tm23ts23,0.5,FSU,,260.24,2060,0.372541974,0.184777469,0.1878,1.02
DLS,EN_NPi2100,tm23ts23,0.5,FSU,,259.783,2070,0.411927571,0.182699888,0.2292,1.25
DLS,EN_NPi2100,tm23ts23,0.5,FSU,,258.931,2080,0.44124712,0.175808722,0.2654,1.51
,,,,FSU,,257.954,2090,0.460725406,0.165468422,0.2953,1.78
,,,,FSU,,255.797,2100,0.474091589,0.154292561,0.3198,2.07
,,,,FSU,Central Asia,105.689,2030,0.081285951,0.057556,0.0237,0.41
,,,,FSU,Central Asia,115.668,2040,0.122691653,0.076961169,0.0457,0.59
,,,,FSU,Central Asia,125.036,2050,0.156598826,0.087374273,0.0692,0.79
,,,,FSU,Central Asia,132,2060,0.188962268,0.093723586,0.0952,1.02
,,,,FSU,Central Asia,137.038,2070,0.217295707,0.096375926,0.1209,1.25
,,,,FSU,Central Asia,140.711,2080,0.239787138,0.09553982,0.1442,1.51
,,,,FSU,Central Asia,143.028,2090,0.255458854,0.091747433,0.1637,1.78
,,,,FSU,Central Asia,143.593,2100,0.266133823,0.086612946,0.1795,2.07
,,,,FSU,Russia,141.647,2030,0.108941433,0.077137969,0.0318,0.41
,,,,FSU,Russia,137.314,2040,0.145652052,0.091363609,0.0543,0.59
,,,,FSU,Russia,133.354,2050,0.167016538,0.093186833,0.0738,0.79
,,,,FSU,Russia,128.24,2060,0.183579706,0.091053884,0.0925,1.02
,,,,FSU,Russia,122.745,2070,0.194631865,0.086323962,0.1083,1.25
,,,,FSU,Russia,118.22,2080,0.201459982,0.080268902,0.1212,1.51
,,,,FSU,Russia,114.926,2090,0.205266551,0.073720988,0.1315,1.78
,,,,FSU,Russia,112.204,2100,0.207957766,0.067679615,0.1403,2.07
,,,,LAM,,565.578,2030,2.29281,1.83126,0.4615,0.25
,,,,LAM,,592.067,2040,4.00003,2.91415,1.0859,0.37
,,,,LAM,,605.339,2050,5.37555,3.57817,1.7974,0.5
,,,,LAM,,606.473,2060,6.46414,3.937,2.5271,0.64
,,,,LAM,,596.775,2070,7.14232,3.98277,3.1596,0.79
,,,,LAM,,577.983,2080,7.48943,3.83527,3.6542,0.95
,,,,LAM,,553.884,2090,7.6223,3.58728,4.035,1.12
,,,,LAM,,732.342,2100,7.67612,3.32339,4.3527,1.31
,,,,LAM,Argentina,47.55,2030,0.192763675,0.153959886,0.0388,0.25
,,,,LAM,Argentina,49.913,2040,0.337214483,0.24567188,0.0915,0.37
,,,,LAM,Argentina,51.564,2050,0.457899855,0.304795448,0.1531,0.5
,,,,LAM,Argentina,52.257,2060,0.556985441,0.339232961,0.2178,0.64
,,,,LAM,Argentina,52.06,2070,0.623064681,0.347439299,0.2756,0.79
,,,,LAM,Argentina,51.102,2080,0.662173569,0.339092961,0.3231,0.95
,,,,LAM,Argentina,49.553,2090,0.68192628,0.320934321,0.361,1.12
,,,,LAM,Argentina,47.661,2100,0.499563781,0.216286844,0.2833,1.31
,,,,LAM,Brazil,223.459,2030,0.905883869,0.723527279,0.1824,0.25
,,,,LAM,Brazil,229.961,2040,1.553626903,1.131868475,0.4218,0.37
,,,,LAM,Brazil,230.972,2050,2.05108303,1.365278378,0.6858,0.5
,,,,LAM,Brazil,227.276,2060,2.422439543,1.475391056,0.947,0.64
,,,,LAM,Brazil,219.498,2070,2.62699676,1.464891112,1.1621,0.79
,,,,LAM,Brazil,208.533,2080,2.702145531,1.383743737,1.3184,0.95
,,,,LAM,Brazil,196.595,2090,2.705452688,1.273264642,1.4322,1.12
,,,,LAM,Brazil,185.102,2100,1.940166068,0.839997636,1.1002,1.31
,,,,LAM,Central America and Caribbean,99.056,2030,0.401564638,0.320728716,0.0808,0.25
,,,,LAM,Central America and Caribbean,106.281,2040,0.718039237,0.523115282,0.1949,0.37
,,,,LAM,Central America and Caribbean,111.297,2050,0.988342258,0.657877958,0.3305,0.5
,,,,LAM,Central America and Caribbean,113.916,2060,1.214182857,0.7395002,0.4747,0.64
,,,,LAM,Central America and Caribbean,114.276,2070,1.367678438,0.762657959,0.605,0.79
,,,,LAM,Central America and Caribbean,112.607,2080,1.459147961,0.747216177,0.7119,0.95
,,,,LAM,Central America and Caribbean,109.253,2090,1.503491048,0.707586571,0.7959,1.12
,,,,LAM,Central America and Caribbean,104.855,2100,1.099048703,0.475834686,0.6232,1.31
,,,,LAM,Colombia,53.985,2030,0.21885062,0.174795466,0.0441,0.25
,,,,LAM,Colombia,56.228,2040,0.379878908,0.276754322,0.1031,0.37
,,,,LAM,Colombia,56.986,2050,0.506048428,0.336844958,0.1692,0.5
,,,,LAM,Colombia,56.514,2060,0.602359019,0.366867818,0.2355,0.64
,,,,LAM,Colombia,54.944,2070,0.65758098,0.366686609,0.2909,0.79
,,,,LAM,Colombia,52.316,2080,0.677904435,0.347148592,0.3308,0.95
,,,,LAM,Colombia,49.11,2090,0.675829912,0.318065193,0.3578,1.12
,,,,LAM,Colombia,45.985,2100,0.481996611,0.208681112,0.2733,1.31
,,,,LAM,South America_Northern,33.727,2030,0.136726403,0.109203051,0.0275,0.25
,,,,LAM,South America_Northern,36.39,2040,0.245852484,0.179111649,0.0667,0.37
,,,,LAM,South America_Northern,38.013,2050,0.337563944,0.224695318,0.1129,0.5
,,,,LAM,South America_Northern,39.029,2060,0.415993739,0.253361717,0.1626,0.64
,,,,LAM,South America_Northern,39.589,2070,0.473809213,0.264210035,0.2096,0.79
,,,,LAM,South America_Northern,39.59,2080,0.513002458,0.262703815,0.2503,0.95
,,,,LAM,South America_Northern,38.96,2090,0.53615014,0.252327834,0.2838,1.12
,,,,LAM,South America_Northern,37.694,2100,0.395093623,0.171056341,0.224,1.31
,,,,LAM,South America_Northern,100.183,2030,0.406133401,0.324377776,0.0818,0.25
,,,,LAM,South America_Southern,107.801,2040,0.728308425,0.530596725,0.1977,0.37
,,,,LAM,South America_Southern,113.294,2050,1.006076065,0.669682249,0.3364,0.5
,,,,LAM,South America_Southern,116.507,2060,1.241799239,0.756320006,0.4855,0.64
,,,,LAM,South America_Southern,117.481,2070,1.40603653,0.784047566,0.622,0.79
,,,,LAM,South America_Southern,116.408,2080,1.508400862,0.772438132,0.736,0.95
,,,,LAM,South America_Southern,113.835,2090,1.566546488,0.737262293,0.8293,1.12
,,,,LAM,South America_Southern,110.413,2100,1.157305465,0.501057033,0.6562,1.31
,,,,MEA,,311.045,2030,1.30160469,1.089814731,0.2118,0.19
,,,,MEA,,349.732,2040,2.050641125,1.631471246,0.4192,0.26
,,,,MEA,,383.897,2050,2.875553276,2.159624412,0.7159,0.33
,,,,MEA,,409.642,2060,3.760008653,2.660522075,1.0995,0.41
,,,,MEA,,426.613,2070,4.641250562,3.094438639,1.5468,0.5
,,,,MEA,,437.274,2080,5.383545644,3.379331488,2.0042,0.59
,,,,MEA,,443.801,2090,5.917516675,3.486409265,2.4311,0.7
,,,,MEA,,446.365,2100,6.20608669,3.423125958,2.783,0.81
,,,,NAM,,529.685,2030,1.035001373,0.750614017,0.2844,0.38
,,,,NAM,,553.665,2040,1.138731958,0.727186646,0.4115,0.57
,,,,NAM,,567.44,2050,1.235510686,0.700705829,0.5348,0.76
,,,,NAM,,573.6,2060,1.33693186,0.676201157,0.6607,0.98
,,,,NAM,,577.463,2070,1.435111008,0.653331789,0.7818,1.2
,,,,NAM,,577.301,2080,1.522069886,0.627512341,0.8946,1.43
,,,,NAM,,572.101,2090,1.598528462,0.598870696,0.9997,1.67
,,,,NAM,,565.241,2100,1.665571078,0.569291712,1.0963,1.93
,,,,NAM,USA,354.695,2030,0.693071943,0.502636546,0.1904,0.38
,,,,NAM,USA,369.148,2040,0.759232794,0.484841007,0.2744,0.57
,,,,NAM,USA,377.905,2050,0.822828256,0.466657684,0.3562,0.76
,,,,NAM,USA,383.101,2060,0.892921779,0.451627161,0.4413,0.98
,,,,NAM,USA,388.739,2070,0.966094136,0.439812674,0.5263,1.2
,,,,NAM,USA,392.949,2080,1.036020792,0.427126139,0.6089,1.43
,,,,NAM,USA,394.443,2090,1.102127705,0.41289974,0.6892,1.67
,,,,NAM,USA,395.319,2100,1.164869309,0.398151993,0.7667,1.93
,,,,NAM,Canada,40.852,2030,0.079824568,0.057891169,0.0219,0.38
,,,,NAM,Canada,43.7,2040,0.089878512,0.05739582,0.0325,0.57
,,,,NAM,Canada,45.801,2050,0.09972442,0.05655757,0.0432,0.76
,,,,NAM,Canada,47.548,2060,0.110823633,0.056053021,0.0548,0.98
,,,,NAM,Canada,49.418,2070,0.12281361,0.055910682,0.0669,1.2
,,,,NAM,Canada,51.129,2080,0.134803008,0.055575997,0.0792,1.43
,,,,NAM,Canada,52.489,2090,0.146661447,0.05494506,0.0917,1.67
,,,,NAM,Canada,53.832,2100,0.158624414,0.054217779,0.1044,1.93
,,,,NAM,Mexico,134.138,2030,0.262104863,0.190086302,0.072,0.38
,,,,NAM,Mexico,140.817,2040,0.289620652,0.18494982,0.1047,0.57
,,,,NAM,Mexico,143.734,2050,0.31295801,0.177490574,0.1355,0.76
,,,,NAM,Mexico,142.951,2060,0.333186448,0.168520976,0.1647,0.98
,,,,NAM,Mexico,139.306,2070,0.346203262,0.157608432,0.1886,1.2
,,,,NAM,Mexico,133.223,2080,0.351246085,0.144810206,0.2064,1.43
,,,,NAM,Mexico,125.169,2090,0.34973931,0.131025896,0.2187,1.67
,,,,NAM,Mexico,116.09,2100,0.342077355,0.116921941,0.2252,1.93
,,,,PAO,,152.43,2030,0.254493162,0.189939847,0.0646,0.34
,,,,PAO,,147.551,2040,0.268721612,0.181274611,0.0874,0.48
,,,,PAO,,142.191,2050,0.275928281,0.168862731,0.1071,0.63
,,,,PAO,,136.732,2060,0.279505026,0.155371274,0.1241,0.8
,,,,PAO,,130.669,2070,0.278573885,0.141177019,0.1374,0.97
,,,,PAO,,125.451,2080,0.274864064,0.127378517,0.1475,1.16
,,,,PAO,,121.414,2090,0.269180299,0.114231167,0.1549,1.36
,,,,PAO,,117.959,2100,0.261916595,0.101962739,0.16,1.57
,,,,PAO,Australia_NZ,33.562,2030,0.056034242,0.041820909,0.0142,0.34
,,,,PAO,Australia_NZ,36.017,2040,0.065594583,0.044248888,0.0213,0.48
,,,,PAO,Australia_NZ,38.051,2050,0.073839744,0.045188484,0.0287,0.63
,,,,PAO,Australia_NZ,39.729,2060,0.081213287,0.045144848,0.0361,0.8
,,,,PAO,Australia_NZ,41.172,2070,0.08777479,0.044482932,0.0433,0.97
,,,,PAO,Australia_NZ,42.345,2080,0.092778207,0.042995618,0.0498,1.16
,,,,PAO,Australia_NZ,43.228,2090,0.09583842,0.040670638,0.0552,1.36
,,,,PAO,Australia_NZ,44.113,2100,0.097948667,0.038130896,0.0598,1.57
,,,,PAO,Japan,118.868,2030,0.19845892,0.148118938,0.0503,0.34
,,,,PAO,Japan,111.534,2040,0.203127029,0.137025723,0.0661,0.48
,,,,PAO,Japan,104.14,2050,0.202088537,0.123674247,0.0784,0.63
,,,,PAO,Japan,97.003,2060,0.198291739,0.110226426,0.0881,0.8
,,,,PAO,Japan,89.497,2070,0.190799095,0.096694087,0.0941,0.97
,,,,PAO,Japan,83.106,2080,0.182085858,0.084382899,0.0977,1.16
,,,,PAO,Japan,78.186,2090,0.173341879,0.073560529,0.0998,1.36
,,,,PAO,Japan,73.846,2100,0.163967928,0.063831843,0.1001,1.57
,,,,PAS,,840.053,2030,1.089736673,0.912632858,0.1771,0.19
,,,,PAS,,881.696,2040,1.861571341,1.488535317,0.373,0.25
,,,,PAS,,903.577,2050,2.730903719,2.080989847,0.6499,0.31
,,,,PAS,,907.111,2060,3.380465442,2.44722462,0.9332,0.38
,,,,PAS,,897.895,2070,3.720583524,2.56091067,1.1597,0.45
,,,,PAS,,880.077,2080,4.090782131,2.675757048,1.415,0.53
,,,,PAS,,855.975,2090,4.315905499,2.67607891,1.6398,0.61
,,,,PAS,,828.031,2100,4.341109704,2.549850638,1.7913,0.7
,,,,PAS,Indonesia,291.204,2030,0.377756735,0.316363776,0.0614,0.19
,,,,PAS,Indonesia,307.522,2040,0.649287444,0.519178218,0.1301,0.25
,,,,PAS,Indonesia,316.968,2050,0.957980438,0.729995551,0.228,0.31
,,,,PAS,Indonesia,319.428,2060,1.190389396,0.8617601,0.3286,0.38
,,,,PAS,Indonesia,317.879,2070,1.31718672,0.906631313,0.4106,0.45
,,,,PAS,Indonesia,313.51,2080,1.45726011,0.953185451,0.5041,0.53
,,,,PAS,Indonesia,306.374,2090,1.54476618,0.95783288,0.5869,0.61
,,,,PAS,Indonesia,297.128,2100,1.557749944,0.914980261,0.6428,0.7
,,,,PAS,Southeast Asia,473.475,2030,0.614202998,0.514382833,0.0998,0.19
,,,,PAS,Southeast Asia,501.062,2040,1.05791867,0.845924766,0.212,0.25
,,,,PAS,Southeast Asia,518.105,2050,1.565881902,1.193225641,0.3727,0.31
,,,,PAS,Southeast Asia,525.536,2060,1.958477283,1.417802935,0.5407,0.38
,,,,PAS,Southeast Asia,524.492,2070,2.173323488,1.495917852,0.6774,0.45
,,,,PAS,Southeast Asia,517.246,2080,2.404267688,1.572617658,0.8317,0.53
,,,,PAS,Southeast Asia,505.722,2090,2.549897322,1.581064842,0.9688,0.61
,,,,PAS,Southeast Asia,491.377,2100,2.576137202,1.513153441,1.063,0.7
,,,,PAS,South Korea,51.345,2030,0.066605952,0.055781164,0.0108,0.19
,,,,PAS,South Korea,49.461,2040,0.104429622,0.083503209,0.0209,0.25
,,,,PAS,South Korea,45.989,2050,0.138993723,0.105915314,0.0331,0.31
,,,,PAS,South Korea,41.133,2060,0.153287398,0.11096954,0.0423,0.38
,,,,PAS,South Korea,36.154,2070,0.149810364,0.103115803,0.0467,0.45
,,,,PAS,South Korea,31.621,2080,0.146981028,0.096139444,0.0508,0.53
,,,,PAS,South Korea,27.59,2090,0.139111344,0.086256044,0.0529,0.61
,,,,PAS,South Korea,24.244,2100,0.127103772,0.074657324,0.0524,0.7
,,,,PAS,Taiwan,24.029,2030,0.031170989,0.026105085,0.0051,0.19
,,,,PAS,Taiwan,23.651,2040,0.049935606,0.039929124,0.01,0.25
,,,,PAS,Taiwan,22.515,2050,0.068047656,0.051853341,0.0162,0.31
,,,,PAS,Taiwan,21.014,2060,0.078311365,0.056692046,0.0216,0.38
,,,,PAS,Taiwan,19.37,2070,0.080262952,0.055245702,0.025,0.45
,,,,PAS,Taiwan,17.7,2080,0.082273305,0.053814495,0.0285,0.53
,,,,PAS,Taiwan,16.289,2090,0.082130652,0.050925143,0.0312,0.61
,,,,PAS,Taiwan,15.282,2100,0.080118786,0.047059612,0.0331,0.7
,,,,SAS,,2070.824,2030,1.62512355,1.474373087,0.1508,0.1
,,,,SAS,,2244.759,2040,2.834746196,2.436542202,0.3982,0.16
,,,,SAS,,2371.909,2050,5.413597115,4.411296864,1.0023,0.23
,,,,SAS,,2452.97,2060,8.969436883,6.921150027,2.0483,0.3
,,,,SAS,,2489.181,2070,12.47070669,9.113187008,3.3575,0.37
,,,,SAS,,2477.886,2080,15.02354036,10.39838801,4.6252,0.44
,,,,SAS,,2429.279,2090,16.20233265,10.60949949,5.5928,0.53
,,,,SAS,,2357.674,2100,16.41826778,10.16498454,6.2533,0.62
,,,,SAS,South Asia,289.922,2030,0.227522508,0.20641696,0.0211,0.1
,,,,SAS,South Asia,316.773,2040,0.400030051,0.343836814,0.0562,0.16
,,,,SAS,South Asia,337.751,2050,0.770876049,0.62815223,0.1427,0.23
,,,,SAS,South Asia,352.352,2060,1.288396933,0.994174839,0.2942,0.3
,,,,SAS,South Asia,358.931,2070,1.798231316,1.314088982,0.4841,0.37
,,,,SAS,South Asia,357.754,2080,2.169079472,1.501305914,0.6678,0.44
,,,,SAS,South Asia,349.951,2090,2.334035124,1.52835675,0.8057,0.53
,,,,SAS,South Asia,337.502,2100,2.350281766,1.455121705,0.8952,0.62
,,,,SAS,India,1509.3,2030,1.184455547,1.074582533,0.1099,0.1
,,,,SAS,India,1607.76,2040,2.030325547,1.745120563,0.2852,0.16
,,,,SAS,India,1668.48,2050,3.808104996,3.103053528,0.7051,0.23
,,,,SAS,India,1694.79,2060,6.197104708,4.78191574,1.4152,0.3
,,,,SAS,India,1691.27,2070,8.473201471,6.191940156,2.2813,0.37
,,,,SAS,India,1657.29,2080,10.04822788,6.954776963,3.0935,0.44
,,,,SAS,India,1601.09,2090,10.67863871,6.992512405,3.6861,0.53
,,,,SAS,India,1533.4,2100,10.6782243,6.611171557,4.0671,0.62
,,,,SAS,Pakistan,271.602,2030,0.213145495,0.193373594,0.0198,0.1
,,,,SAS,Pakistan,320.226,2040,0.404390598,0.347584825,0.0568,0.16
,,,,SAS,Pakistan,365.678,2050,0.834616069,0.680091106,0.1545,0.23
,,,,SAS,Pakistan,405.828,2060,1.483935242,1.145059448,0.3389,0.3
,,,,SAS,Pakistan,438.98,2070,2.199273908,1.607157869,0.5921,0.37
,,,,SAS,Pakistan,462.842,2080,2.806233001,1.942305136,0.8639,0.44
,,,,SAS,Pakistan,478.238,2090,3.189658809,2.088630338,1.101,0.53
,,,,SAS,Pakistan,486.772,2100,3.389761707,2.098691275,1.2911,0.62
,,,,WEU,,434.016,2030,1.836628821,1.378491078,0.4581,0.33
,,,,WEU,,437.957,2040,2.208662673,1.461728315,0.7469,0.51
,,,,WEU,,437.973,2050,2.455325762,1.470658827,0.9847,0.67
,,,,WEU,,433.49,2060,2.648835511,1.379226585,1.2696,0.92
,,,,WEU,,429.317,2070,2.784440019,1.275462887,1.509,1.18
,,,,WEU,,427.559,2080,2.884505426,1.172975268,1.7115,1.46
,,,,WEU,,426.578,2090,2.966342962,1.076349592,1.89,1.76
,,,,WEU,,426.335,2100,3.021636285,0.983484726,2.0382,2.07
,,,,WEU,EU-15,349.22,2030,1.47779694,1.10916799,0.3686,0.33
,,,,WEU,EU-15,350.904,2040,1.769645345,1.17117962,0.5985,0.51
,,,,WEU,EU-15,349.353,2050,1.958512102,1.173083896,0.7854,0.67
,,,,WEU,EU-15,344.459,2060,2.10481264,1.095958408,1.0089,0.92
,,,,WEU,EU-15,340.144,2070,2.206086798,1.01053778,1.1955,1.18
,,,,WEU,EU-15,338.226,2080,2.281824806,0.927897046,1.3539,1.46
,,,,WEU,EU-15,337.522,2090,2.347064333,0.851641826,1.4954,1.76
,,,,WEU,EU-15,337.515,2100,2.392127249,0.778591595,1.6135,2.07
,,,,WEU,European Free Trade Association,84.796,2030,0.358831881,0.269323088,0.0895,0.33
,,,,WEU,European Free Trade Association,87.053,2040,0.439017327,0.290548695,0.1485,0.51
,,,,WEU,European Free Trade Association,88.62,2050,0.49681366,0.297574931,0.1992,0.67
,,,,WEU,European Free Trade Association,89.031,2060,0.544022871,0.283268177,0.2608,0.92
,,,,WEU,European Free Trade Association,89.173,2070,0.578353221,0.264925107,0.3134,1.18
,,,,WEU,European Free Trade Association,89.333,2080,0.60268062,0.245078222,0.3576,1.46
,,,,WEU,European Free Trade Association,89.056,2090,0.619278629,0.224707766,0.3946,1.76
,,,,WEU,European Free Trade Association,88.82,2100,0.629509036,0.204893132,0.4246,2.07
