,Variable,Scenario,Percentile,2040,2070,2100
0,Capacity|Electricity|Solar,HD_D1,50,-10.86814933987699,-6.8280770879185075,2.8695397853250912
1,Capacity|Electricity|Solar,HD_D1,5,-21.562164902826975,-32.42324732194995,-54.598380633996
2,Capacity|Electricity|Solar,HD_D1,95,4.866575366751647,48.92379147163421,79.11306548086849
3,Capacity|Electricity|Wind,HD_D1,50,32.797351410781104,60.15184676897713,81.55100260628704
4,Capacity|Electricity|Wind,HD_D1,5,24.317461824121196,-4.9837342769242525,-32.91950178707288
5,Capacity|Electricity|Wind,HD_D1,95,60.964990603557105,85.7601971758192,123.41019893370483
6,Capacity|Biomass,HD_D1,50,18.065727724966063,22.49271172882029,28.25566641092264
7,Capacity|Biomass,HD_D1,5,14.062836876396322,14.42084767007934,14.167732036101537
8,Capacity|Biomass,HD_D1,95,29.744325982609187,31.680574929396986,43.58146125971154
9,Capacity|Coal,HD_D1,50,0.2998780491654356,0.30384805188689124,0.3069396449711244
10,Capacity|Coal,HD_D1,5,-0.11479574347865025,-0.1144562507429916,-0.12546878205904818
11,Capacity|Coal,HD_D1,95,0.7380683940341489,0.7499087409575859,0.8169845382722926
12,Capacity|Gas,HD_D1,50,0.07345647237137796,0.07697318229638381,0.11569887360293236
13,Capacity|Gas,HD_D1,5,-4.831187524132687,-1.771523627152558,-0.9163202899453664
14,Capacity|Gas,HD_D1,95,0.18500378832511452,0.1752314056250379,0.24815903501406492
15,Capacity|Oil,HD_D1,50,0.1994741841961697,1.88145310380015,3.70760405659653
16,Capacity|Oil,HD_D1,5,-4.330519450308986,-0.5747054196777245,1.6859284519927649
17,Capacity|Oil,HD_D1,95,0.309735567862119,2.345054723959531,4.758959448397635
18,Capacity|Electricity|Hydro,HD_D1,50,0.11922301831900296,0.08338803687973449,0.07852229153411369
19,Capacity|Electricity|Hydro,HD_D1,5,-0.020382449886487537,-0.20012558551455828,-0.31482406604863283
20,Capacity|Electricity|Hydro,HD_D1,95,0.24478177446996102,0.1472417989380219,0.13933165956526494
21,Capacity|Electricity|Nuclear,HD_D1,50,-1.8359575169601605,-0.14022985057286805,-0.005509716650319782
22,Capacity|Electricity|Nuclear,HD_D1,5,-14.754246242629291,-3.6985661191224306,-1.8036327649068224
23,Capacity|Electricity|Nuclear,HD_D1,95,-0.9108286374772767,0.07100606431072319,0.1170777365309918
24,Capacity|Geothermal,HD_D1,50,,,
25,Capacity|Geothermal,HD_D1,5,,,
26,Capacity|Geothermal,HD_D1,95,,,
27,Capacity|Electricity|Solar,HD_D1_20_10,50,-21.768259458521165,-7.504703831861569,-2.4227521572238304
28,Capacity|Electricity|Solar,HD_D1_20_10,5,-28.845333368996698,-53.13095146564142,-77.70826971690798
29,Capacity|Electricity|Solar,HD_D1_20_10,95,9.093888122501207,55.68239614627516,88.01725705055007
30,Capacity|Electricity|Wind,HD_D1_20_10,50,40.98799104238947,71.21084118406095,91.37888480823327
31,Capacity|Electricity|Wind,HD_D1_20_10,5,27.87361550542057,-1.1397031196217926,-45.84417662464298
32,Capacity|Electricity|Wind,HD_D1_20_10,95,64.12800319176377,102.63211939121679,144.27925358578784
33,Capacity|Biomass,HD_D1_20_10,50,31.94462277000276,43.56610130656534,50.90900291812088
34,Capacity|Biomass,HD_D1_20_10,5,26.12850218898999,32.496885704914725,31.39416840876096
35,Capacity|Biomass,HD_D1_20_10,95,40.78226036073354,55.2370632066204,101.20985550695613
36,Capacity|Coal,HD_D1_20_10,50,0.49176151259505435,0.4960613978341105,0.7627188853545682
37,Capacity|Coal,HD_D1_20_10,5,0.4074812399338262,0.41047646651817915,0.41312314950134355
38,Capacity|Coal,HD_D1_20_10,95,1.7575548949293454,1.9301999733930346,3.8027576678987898
39,Capacity|Gas,HD_D1_20_10,50,0.30638503851356813,0.2755866648232852,0.2283492761457626
40,Capacity|Gas,HD_D1_20_10,5,-2.6367387098383763,-0.8632798357637887,-0.2417775665468924
41,Capacity|Gas,HD_D1_20_10,95,0.4291854278925749,0.3847105309036253,0.39542069211424824
42,Capacity|Oil,HD_D1_20_10,50,0.4738041446369948,2.844550481436386,5.2049314448860535
43,Capacity|Oil,HD_D1_20_10,5,-2.46064040191388,1.4214655936465055,3.5621558250722742
44,Capacity|Oil,HD_D1_20_10,95,0.5742223619729034,3.4155820156135506,7.462308892044949
45,Capacity|Electricity|Hydro,HD_D1_20_10,50,-4.1872286718997875,-6.954401118498346,-7.767419070140426
46,Capacity|Electricity|Hydro,HD_D1_20_10,5,-4.836282608428697,-7.21368058493978,-8.002361760184485
47,Capacity|Electricity|Hydro,HD_D1_20_10,95,-3.827991677454198,-6.765260257197594,-7.626360354588294
48,Capacity|Electricity|Nuclear,HD_D1_20_10,50,-4.510685965388332,-3.4000702373849365,-3.092127108761774
49,Capacity|Electricity|Nuclear,HD_D1_20_10,5,-16.204716662990844,-5.7551533150197685,-4.231938646554599
50,Capacity|Electricity|Nuclear,HD_D1_20_10,95,-4.3246030815538195,-3.240927812453592,-2.9527860594745343
51,Capacity|Geothermal,HD_D1_20_10,50,,,
52,Capacity|Geothermal,HD_D1_20_10,5,,,
53,Capacity|Geothermal,HD_D1_20_10,95,,,
54,Capacity|Electricity|Solar,HD_D1_20_10_Limit,50,-19.402719626366945,-4.263958377388365,-25.627243712306637
55,Capacity|Electricity|Solar,HD_D1_20_10_Limit,5,-24.420819500865868,-49.870489349730974,-63.459927939708166
56,Capacity|Electricity|Solar,HD_D1_20_10_Limit,95,6.771317182177121,51.77118584204666,28.012710294991827
57,Capacity|Electricity|Wind,HD_D1_20_10_Limit,50,17.234550542403838,60.93830188444475,31.174674306050388
58,Capacity|Electricity|Wind,HD_D1_20_10_Limit,5,10.40678270156936,-9.367943844003465,-45.51324423240933
59,Capacity|Electricity|Wind,HD_D1_20_10_Limit,95,52.72801273856098,92.17823466077427,57.79616912526228
60,Capacity|Biomass,HD_D1_20_10_Limit,50,15.936695102277335,37.838131703495115,17.55818468799467
61,Capacity|Biomass,HD_D1_20_10_Limit,5,10.798899651494674,27.030530073429095,10.485510101370055
62,Capacity|Biomass,HD_D1_20_10_Limit,95,24.37845566235042,49.751062504857686,24.74569423037517
63,Capacity|Coal,HD_D1_20_10_Limit,50,0.13827304886830066,0.17026477534435447,0.3574448602112948
64,Capacity|Coal,HD_D1_20_10_Limit,5,0.03213601664126117,0.03742860417842042,0.04275874484791929
65,Capacity|Coal,HD_D1_20_10_Limit,95,2.1575950118460416,4.427305407463536,4.755943324760933
66,Capacity|Gas,HD_D1_20_10_Limit,50,0.13812194093872796,-0.23272146797382154,-0.09679777248588795
67,Capacity|Gas,HD_D1_20_10_Limit,5,-6.490185785465856,-2.5961042798942486,-0.7999911168435462
68,Capacity|Gas,HD_D1_20_10_Limit,95,0.2558719689977605,0.3671977129116983,0.10740651687747813
69,Capacity|Oil,HD_D1_20_10_Limit,50,0.08911071557339306,2.677985791839508,2.928030305634829
70,Capacity|Oil,HD_D1_20_10_Limit,5,-5.588589518245019,-0.39012472311726065,0.735519411939867
71,Capacity|Oil,HD_D1_20_10_Limit,95,0.1897009127598272,3.5906377562823564,4.0904317362169085
72,Capacity|Electricity|Hydro,HD_D1_20_10_Limit,50,-4.789225392282197,-7.329083155993508,-8.000880489222899
73,Capacity|Electricity|Hydro,HD_D1_20_10_Limit,5,-6.470313252343897,-8.005164525046075,-8.370364525229647
74,Capacity|Electricity|Hydro,HD_D1_20_10_Limit,95,-4.439187063739772,-7.068889051016713,-7.850916404617895
75,Capacity|Electricity|Nuclear,HD_D1_20_10_Limit,50,-4.58319081599319,-4.210319272543109,-3.5322493349729225
76,Capacity|Electricity|Nuclear,HD_D1_20_10_Limit,5,-22.35441159185471,-8.11634412423234,-5.9207770811808285
77,Capacity|Electricity|Nuclear,HD_D1_20_10_Limit,95,-4.374433979187732,-3.8486372058608116,-3.3073790361976707
78,Capacity|Geothermal,HD_D1_20_10_Limit,50,,,
79,Capacity|Geothermal,HD_D1_20_10_Limit,5,,,
80,Capacity|Geothermal,HD_D1_20_10_Limit,95,,,
81,Capacity|Electricity|Solar,HD_D1_Limit,50,-4.528031349449323,-1.6623725023724318,-11.126329613027522
82,Capacity|Electricity|Solar,HD_D1_Limit,5,-13.00350602727083,-27.39635145937447,-31.58504615942113
83,Capacity|Electricity|Solar,HD_D1_Limit,95,3.81473325935396,48.933682049381254,16.666600203240286
84,Capacity|Electricity|Wind,HD_D1_Limit,50,7.724475970930075,48.482581500765846,14.368889688449114
85,Capacity|Electricity|Wind,HD_D1_Limit,5,4.641226223488783,-11.029722993658636,-17.651517541251845
86,Capacity|Electricity|Wind,HD_D1_Limit,95,47.786585603566756,75.96895853536451,32.928455728206984
87,Capacity|Biomass,HD_D1_Limit,50,2.2347167851979926,17.3532025495428,6.3021983634441545
88,Capacity|Biomass,HD_D1_Limit,5,-0.11986714481425101,9.337416696644096,1.4955695820356312
89,Capacity|Biomass,HD_D1_Limit,95,6.824837950385321,26.30294543938316,10.351474479808697
90,Capacity|Coal,HD_D1_Limit,50,-0.05584308533730998,-0.0046656090818352845,-0.002909652785649117
91,Capacity|Coal,HD_D1_Limit,5,-0.14886951384031802,-0.14543798715393524,-0.14608105504400726
92,Capacity|Coal,HD_D1_Limit,95,1.6536930186716976,2.4562019447756303,2.142166806184726
93,Capacity|Gas,HD_D1_Limit,50,-0.4561665851407656,-0.743148769697632,-0.6131611058053119
94,Capacity|Gas,HD_D1_Limit,5,-8.537576637176246,-3.9689984967978478,-3.2568405528200395
95,Capacity|Gas,HD_D1_Limit,95,-0.13618703030450707,-0.4299246523931741,-0.24688466791500582
96,Capacity|Oil,HD_D1_Limit,50,-0.44748063740251837,1.107474911702682,0.6886163379301257
97,Capacity|Oil,HD_D1_Limit,5,-7.025904692062223,-2.7525058833355356,-3.011264664750618
98,Capacity|Oil,HD_D1_Limit,95,-0.0878057880811798,1.8824290586839252,1.487770481611431
99,Capacity|Electricity|Hydro,HD_D1_Limit,50,-0.0891838585809944,-0.2613606416388193,-0.26773810655794744
100,Capacity|Electricity|Hydro,HD_D1_Limit,5,-1.9422870496765174,-1.3312660122408269,-1.2892474937464198
101,Capacity|Electricity|Hydro,HD_D1_Limit,95,-0.010650452753290194,-0.14472218521384406,-0.12475316172400817
102,Capacity|Electricity|Nuclear,HD_D1_Limit,50,-2.3096869440051893,-1.2760679599593998,-2.2477319919391396
103,Capacity|Electricity|Nuclear,HD_D1_Limit,5,-21.48055330768858,-6.474418214614683,-6.70962194643211
104,Capacity|Electricity|Nuclear,HD_D1_Limit,95,-1.406369955265393,-0.8237500977334987,-1.1033851829840007
105,Capacity|Geothermal,HD_D1_Limit,50,,,
106,Capacity|Geothermal,HD_D1_Limit,5,,,
107,Capacity|Geothermal,HD_D1_Limit,95,,,
108,Capacity|Electricity|Solar,HD_D4,50,4.69009046382402,10.148915019642553,12.113127151543848
109,Capacity|Electricity|Solar,HD_D4,5,3.831574845740622,5.858611584378863,3.8077483773003795
110,Capacity|Electricity|Solar,HD_D4,95,5.840322003569144,13.931366393864247,18.332665984538018
111,Capacity|Electricity|Wind,HD_D4,50,4.023337347072611,11.477245226188883,14.856073650668097
112,Capacity|Electricity|Wind,HD_D4,5,3.2496948309169347,7.395425111656542,6.823690901847796
113,Capacity|Electricity|Wind,HD_D4,95,4.828744226547967,15.41880139858411,21.278122268305335
114,Capacity|Biomass,HD_D4,50,11.674235762732897,26.236891300680025,29.870268684782683
115,Capacity|Biomass,HD_D4,5,10.472114684423609,23.87525075393217,26.858544281103487
116,Capacity|Biomass,HD_D4,95,13.250401959188485,28.736091336616788,33.02348358417813
117,Capacity|Coal,HD_D4,50,2.1245258060342564,2.140894166296833,2.1898633587784637
118,Capacity|Coal,HD_D4,5,1.884725159114544,1.8954146272695134,1.9104299923359562
119,Capacity|Coal,HD_D4,95,2.3358164909426415,2.3624295924077536,31.865424369289475
120,Capacity|Gas,HD_D4,50,3.5583422122897086,15.9711627483432,23.808394492555777
121,Capacity|Gas,HD_D4,5,3.0766139264014307,13.43231987212711,18.83557559023047
122,Capacity|Gas,HD_D4,95,3.888712482165588,19.357013601711227,33.14059007160119
123,Capacity|Oil,HD_D4,50,2.961348314026888,16.609328705444973,30.09481884634873
124,Capacity|Oil,HD_D4,5,2.5670172960679323,14.778382078579488,26.144710411269404
125,Capacity|Oil,HD_D4,95,3.2370235433264902,17.926651127395953,33.86151282446072
126,Capacity|Electricity|Hydro,HD_D4,50,1.3057767358485284,6.526346908315148,8.340234843384012
127,Capacity|Electricity|Hydro,HD_D4,5,1.1608078676722404,5.416426398395849,6.937362888894623
128,Capacity|Electricity|Hydro,HD_D4,95,1.4344952667521054,7.1211689995992,8.962001981075142
129,Capacity|Electricity|Nuclear,HD_D4,50,0.4818974614003913,6.078697968206208,9.787539768537533
130,Capacity|Electricity|Nuclear,HD_D4,5,-0.3335547139222838,4.421903420382829,7.65795372506482
131,Capacity|Electricity|Nuclear,HD_D4,95,1.0930551889302618,7.095658803873141,11.48565400383507
132,Capacity|Geothermal,HD_D4,50,,,
133,Capacity|Geothermal,HD_D4,5,,,
134,Capacity|Geothermal,HD_D4,95,,,
135,Capacity|Electricity|Solar,HD_D4_20_10,50,-7.368633087425655,-3.868706361880237,-2.9275653146904475
136,Capacity|Electricity|Solar,HD_D4_20_10,5,-8.65903535768807,-6.568426308690066,-6.680883255871274
137,Capacity|Electricity|Solar,HD_D4_20_10,95,-4.652322995379623,-0.45166035139757543,1.8515574946939621
138,Capacity|Electricity|Wind,HD_D4_20_10,50,-8.468545560235034,-4.08387422979396,-2.1419480831644315
139,Capacity|Electricity|Wind,HD_D4_20_10,5,-9.77100777328738,-6.869027440786358,-5.985129229572371
140,Capacity|Electricity|Wind,HD_D4_20_10,95,-6.460048416216948,-0.6380279628448293,2.9633340224330715
141,Capacity|Biomass,HD_D4_20_10,50,23.989406734464726,29.121505724369356,27.716905407147173
142,Capacity|Biomass,HD_D4_20_10,5,19.84362546842758,24.296125564620127,22.8438863346839
143,Capacity|Biomass,HD_D4_20_10,95,31.098569648838605,36.087240695478755,35.11901096108322
144,Capacity|Coal,HD_D4_20_10,50,4.187382489930334,4.237217869390048,116.61057176405978
145,Capacity|Coal,HD_D4_20_10,5,3.621345752597125,3.664860112352088,11.512689721373077
146,Capacity|Coal,HD_D4_20_10,95,5.076476719020331,5.133138871877984,245.94817047939208
147,Capacity|Gas,HD_D4_20_10,50,7.4532133571423005,33.63219290946115,44.911088800532056
148,Capacity|Gas,HD_D4_20_10,5,6.66731812940154,27.084805069429496,34.068712934745705
149,Capacity|Gas,HD_D4_20_10,95,8.746100217678599,45.2846623641032,71.0841687365473
150,Capacity|Oil,HD_D4_20_10,50,4.662677957408493,31.004236254829046,51.155448761417034
151,Capacity|Oil,HD_D4_20_10,5,4.201504427628474,27.763184853495993,42.451447384320865
152,Capacity|Oil,HD_D4_20_10,95,5.562782798758369,35.44577876678567,64.61138263853017
153,Capacity|Electricity|Hydro,HD_D4_20_10,50,-3.3602876745893355,3.338399561544083,5.026453940525658
154,Capacity|Electricity|Hydro,HD_D4_20_10,5,-3.6556419017789956,2.489783513506974,3.942025598272608
155,Capacity|Electricity|Hydro,HD_D4_20_10,95,-2.854816645126219,4.545636967676274,6.436660383520244
156,Capacity|Electricity|Nuclear,HD_D4_20_10,50,3.0377755075436346,10.235835536507457,14.373695504616364
157,Capacity|Electricity|Nuclear,HD_D4_20_10,5,2.038965894320492,8.871894589524425,12.378831973346543
158,Capacity|Electricity|Nuclear,HD_D4_20_10,95,5.81613985682311,11.910982511303834,16.47557615229401
159,Capacity|Geothermal,HD_D4_20_10,50,,,
160,Capacity|Geothermal,HD_D4_20_10,5,,,
161,Capacity|Geothermal,HD_D4_20_10,95,,,
162,Capacity|Electricity|Solar,HD_D4_20_10_Limit,50,-11.5671004814852,-5.767985745037612,-14.149800469775574
163,Capacity|Electricity|Solar,HD_D4_20_10_Limit,5,-12.780568171363425,-8.568135827897137,-19.880309810284363
164,Capacity|Electricity|Solar,HD_D4_20_10_Limit,95,-9.457187071493928,-2.094136616536823,-5.379891402552851
165,Capacity|Electricity|Wind,HD_D4_20_10_Limit,50,-12.101318564933853,-5.700503824584085,-15.433694838717223
166,Capacity|Electricity|Wind,HD_D4_20_10_Limit,5,-13.346138609696027,-8.892871222023597,-21.056308169376717
167,Capacity|Electricity|Wind,HD_D4_20_10_Limit,95,-10.251877878292238,-2.0924984820853454,-7.240821435717009
168,Capacity|Biomass,HD_D4_20_10_Limit,50,12.231346655569485,24.278530851925204,0.48951899871835125
169,Capacity|Biomass,HD_D4_20_10_Limit,5,8.962998158390308,19.51356657539879,-3.585417417578476
170,Capacity|Biomass,HD_D4_20_10_Limit,95,18.003828697902815,31.10275184051749,6.769955525981883
171,Capacity|Coal,HD_D4_20_10_Limit,50,1.7898984589659865,1.8228137022843598,2.2144009080023133
172,Capacity|Coal,HD_D4_20_10_Limit,5,1.3587337592026423,1.378571144856359,1.3948678132873076
173,Capacity|Coal,HD_D4_20_10_Limit,95,2.6472631673626417,2.6794291098290417,60.14654434209183
174,Capacity|Gas,HD_D4_20_10_Limit,50,3.8799786236293583,31.174276870959243,17.230202887241266
175,Capacity|Gas,HD_D4_20_10_Limit,5,3.313877397967743,24.762152744480595,9.613835592339418
176,Capacity|Gas,HD_D4_20_10_Limit,95,4.978402965897659,42.75401450754917,34.18068979933647
177,Capacity|Oil,HD_D4_20_10_Limit,50,1.689304493560904,27.9326287507991,20.53835420247898
178,Capacity|Oil,HD_D4_20_10_Limit,5,1.4410692091098234,24.611914256285495,14.251914929776412
179,Capacity|Oil,HD_D4_20_10_Limit,95,2.4680260131804728,32.523369931447334,31.40876753015158
180,Capacity|Electricity|Hydro,HD_D4_20_10_Limit,50,-4.577949617624121,2.5093923650781735,-2.8308562969219895
181,Capacity|Electricity|Hydro,HD_D4_20_10_Limit,5,-4.908502314849818,1.4643421208965253,-3.91685985192725
182,Capacity|Electricity|Hydro,HD_D4_20_10_Limit,95,-4.02902614322179,3.7731316016399497,-1.2210407060574053
183,Capacity|Electricity|Nuclear,HD_D4_20_10_Limit,50,2.345462319703865,8.579025784458912,2.1270391690633756
184,Capacity|Electricity|Nuclear,HD_D4_20_10_Limit,5,1.708886910554093,6.585151324702271,0.019422471917473868
185,Capacity|Electricity|Nuclear,HD_D4_20_10_Limit,95,4.743660932978711,10.179349272879074,4.804371436993948
186,Capacity|Geothermal,HD_D4_20_10_Limit,50,,,
187,Capacity|Geothermal,HD_D4_20_10_Limit,5,,,
188,Capacity|Geothermal,HD_D4_20_10_Limit,95,,,
189,Capacity|Electricity|Solar,HD_D4_Limit,50,0.0,8.029211193133493,-0.9609044269868191
190,Capacity|Electricity|Solar,HD_D4_Limit,5,0.0,4.025147217490092,-3.350169231440143
191,Capacity|Electricity|Solar,HD_D4_Limit,95,0.0,11.574491691394627,1.5121940022840659
192,Capacity|Electricity|Wind,HD_D4_Limit,50,0.0,9.370029807614456,-0.8865314024380453
193,Capacity|Electricity|Wind,HD_D4_Limit,5,0.0,5.665165566046785,-3.116014939595063
194,Capacity|Electricity|Wind,HD_D4_Limit,95,0.0,13.245264200848675,1.5988858762079476
195,Capacity|Biomass,HD_D4_Limit,50,0.3644509263444891,21.294204035542073,2.0271623937305527
196,Capacity|Biomass,HD_D4_Limit,5,0.27861834623301,18.726562611827585,-0.3392814275665117
197,Capacity|Biomass,HD_D4_Limit,95,0.45814119961786975,23.8348348720277,4.3770131900951705
198,Capacity|Coal,HD_D4_Limit,50,0.0,-0.0011661337891136164,-0.008866341008826056
199,Capacity|Coal,HD_D4_Limit,5,0.0,-0.006609636204945495,-0.06047914618177269
200,Capacity|Coal,HD_D4_Limit,95,0.0,-8.020086399800747e-05,-0.000662278055521236
201,Capacity|Gas,HD_D4_Limit,50,0.08051162051115378,13.939245126543508,-1.0644091160866396
202,Capacity|Gas,HD_D4_Limit,5,0.0585176686201289,11.494653419873302,-3.3829341666683006
203,Capacity|Gas,HD_D4_Limit,95,0.10698741545678873,17.216871567553678,1.8481218550239427
204,Capacity|Oil,HD_D4_Limit,50,0.055689107517854504,13.901729529538812,2.7460604556856008
205,Capacity|Oil,HD_D4_Limit,5,0.04202847354447763,12.081592918636586,0.7034194077601642
206,Capacity|Oil,HD_D4_Limit,95,0.07114493706731773,15.347576499712988,4.92830159545947
207,Capacity|Electricity|Hydro,HD_D4_Limit,50,0.05570538266047943,5.644982267399467,0.47461541672465574
208,Capacity|Electricity|Hydro,HD_D4_Limit,5,0.04255934933506752,4.632396109791362,-0.03497772716371957
209,Capacity|Electricity|Hydro,HD_D4_Limit,95,0.06979680840880562,6.290292996638995,0.9991035024882781
210,Capacity|Electricity|Nuclear,HD_D4_Limit,50,0.15641212112365166,4.499974236522615,-1.2700467734925638
211,Capacity|Electricity|Nuclear,HD_D4_Limit,5,0.11218765733113988,2.7815369746306966,-2.7266760576431
212,Capacity|Electricity|Nuclear,HD_D4_Limit,95,0.20418146870226528,5.845919877009433,0.20070110101486247
213,Capacity|Geothermal,HD_D4_Limit,50,,,
214,Capacity|Geothermal,HD_D4_Limit,5,,,
215,Capacity|Geothermal,HD_D4_Limit,95,,,
