Model,Scenario,Region,Variable,Unit,1980,1985,1990,1995,2000,2005,2010,2015,2020,2025,2030,2035,2040,2045,2050,2055,2060,2065,2070,2075,2080,2085,2090,2095,2100,2105,2110,2115,2120,2125,2130,2135,2140,2145,2150
FRIDAv2.1,HD_D4,World,Temperature Anomaly,K,0.328859443923,0.312479527676,0.503750114668,0.520017450991,0.7198582836,0.833087398052,0.932145679467,1.08534798044,1.20958518647,1.38102922895,1.48063147651,1.58952023145,1.71790908111,1.80363168728,1.91732500146,1.97434843888,2.05817565724,2.1135983652,2.18021580276,2.21475155982,2.25274251589,2.29235203888,2.31765345034,2.36157814805,2.37536909696,2.41509516456,2.42233039062,2.46158891661,2.47024073916,2.50498156355,2.50763026449,2.55135042003,2.54463696122,2.58155510693,2.59188168109
FRIDAv2.1,HD_D4,World,CO2 Emissions,MtCO2/Year,25455.6115721,24116.3812045,26160.2168662,28264.4194286,30377.2078968,34669.0197478,37127.6699109,39523.4133185,40338.6347551,42570.9489476,42559.5039579,39722.0409308,35921.2843472,32751.8703378,30553.6013244,28056.5074713,25689.6619267,23958.2272941,21889.0335513,20283.2204848,18973.8918543,18017.8826264,17856.0021823,17711.5760412,17476.8591246,17441.4501415,16999.2018973,16829.9621986,16704.3552986,16258.6710654,16325.1951323,16271.6157208,16220.9461692,16335.7546205,16470.5496817
FRIDAv2.1,HD_D4,World,CO2 Emissions|Energy,MtCO2/Year,18817.7068587,18941.8316235,20195.5008675,22427.7140107,24752.5311836,28495.9485364,30935.3663669,32904.2119057,33855.7247495,35623.3733807,35988.296962,32513.3317786,28270.422384,24695.1604854,21560.590226,18846.8991368,16375.409386,14267.0441347,12458.7395264,10897.248762,9600.59389767,8673.5535907,8198.83039337,7984.06444418,7792.72854574,7573.90024273,7309.19499884,7007.79077811,6679.53199693,6364.67445045,6060.03352449,5799.05827334,5576.98326298,5329.33345046,5085.79240922
FRIDAv2.1,HD_D4,World,CO2 Emissions|Food and Land Use,MtCO2/Year,6224.39866789,4790.93612027,5510.60078027,5268.67759613,4896.69052646,5204.2944329,5021.67653404,5092.2248898,4828.77742134,4850.97075671,4376.0572951,4707.99137417,4907.21502265,5268.41016063,5657.04176327,5688.21932953,5558.34328049,5373.37992125,5129.72198009,4820.92487416,4612.4388563,4514.19774052,4566.72737676,4540.45832546,4452.18214979,4325.22810342,4168.99842695,4071.57242471,3962.61121394,3938.39405924,3936.4828498,3975.78351878,3979.37418783,4075.82684916,4085.33031629
FRIDAv2.1,HD_D4,World,Capacity|Electricity|Solar,GW,0.745,0.655642549814,0.558958349762,0.444539777992,4.12459603608,25.9080357749,30.9482692591,66.3362540354,306.455772952,865.513576451,1708.44479103,2718.44784202,3909.81823032,5190.51693217,6310.09200262,7209.78305028,7800.97559412,8232.18703617,8451.76554488,8704.28392259,8904.36826249,9036.16160299,9071.02084939,9266.59984683,9535.35763666,9867.02201645,10205.7931233,10479.3941481,10626.0162577,10675.8685959,10698.3916704,10815.6388264,11014.1595445,11227.8491262,11339.1815501
FRIDAv2.1,HD_D4,World,Capacity|Electricity|Wind,GW,0.745,0.655643016624,0.558959312642,0.444541607703,0.438450411621,15.2812313703,126.855285456,413.640414069,821.58860233,1566.73754362,2507.64511761,3437.16587634,4416.31362339,5472.00169118,6312.26212236,6985.13966641,7368.26348815,7605.23096661,7721.92442083,7804.26956692,7840.6520289,7817.47706902,7749.98584625,7762.79290733,7842.14651225,8047.4375297,8174.5474378,8260.30063594,8295.78223291,8293.357782,8302.29760283,8343.92497135,8411.55756237,8463.65003959,8547.98173307
FRIDAv2.1,HD_D4,World,Capacity|Biomass,Mt/Year,4.996998249,17.2029263579,15.1363302504,25.9185176826,38.4476111064,48.2016998445,125.445480041,176.189150535,220.488470936,276.139879036,214.666641907,255.552540548,461.702366923,821.511840275,1248.81658593,1684.46174776,2049.12848837,2339.48336113,2551.45871315,2701.56789795,2785.35657623,2894.66878575,3073.40322797,3289.36957964,3473.64335659,3629.58007241,3728.60920895,3764.91689222,3773.19906821,3750.68582649,3738.7955221,3734.80428709,3740.68589451,3730.90684928,3721.65273239
FRIDAv2.1,HD_D4,World,Production|Biomass,Mt/Year,4.419504854,15.4716833227,13.6554311512,23.2798922617,35.2627625793,43.6073598347,114.231361726,162.16215665,204.686657517,256.906286701,205.371136048,236.915891284,425.321642545,757.329769156,1159.32096873,1587.18490814,1952.58234051,2251.33323224,2469.91904935,2629.76646617,2729.15705583,2833.97427719,3003.98376824,3220.97810368,3416.42159668,3579.52138928,3683.67871358,3735.62004058,3753.90136772,3730.93360414,3713.74904854,3717.73520088,3730.14591892,3719.7829211,3710.86880322
FRIDAv2.1,HD_D4,World,Capacity|Coal,c$,2211946000000.0,2141956119750.0,2199576911590.0,2483683641800.0,2797601083890.0,3368641448290.0,3789630448570.0,3921229569730.0,3957835097200.0,4182836771260.0,4175497392110.0,3494213941120.0,2715335266540.0,2104785420490.0,1627272454080.0,1256668739540.0,969687308130.0,747571477384.0,575750421458.0,442686017864.0,340117262615.0,260985245993.0,200518238389.0,154057312963.0,118046096274.0,90410205303.4,69157469738.5,52974713866.2,40547530545.1,31058654743.6,23822109583.4,18279317347.3,14042013527.4,10805069369.6,8319877761.91
FRIDAv2.1,HD_D4,World,Capacity|Gas,c$,2103952000000.0,2271012433050.0,2619671871110.0,3053137955930.0,3367412141290.0,3780237512070.0,4029220376510.0,4469361521040.0,4792544081020.0,5232562347230.0,5449371516920.0,5573083934010.0,5496792320700.0,5361198111180.0,5137598205130.0,4862947713270.0,4520710420480.0,4163335885560.0,3784495513650.0,3431060579340.0,3088214151510.0,2849734133330.0,2766965661470.0,2775392949420.0,2746272212340.0,2702104898380.0,2625260872520.0,2518161099130.0,2400294587690.0,2288318709240.0,2164313940390.0,2043597822910.0,1935047819700.0,1817048161060.0,1711264947780.0
FRIDAv2.1,HD_D4,World,Capacity|Oil,c$,7580950000000.0,7626447956480.0,8208467982020.0,8794213057860.0,9409113253360.0,10236392242400.0,10341665662800.0,10912182168500.0,11004474406900.0,11080422826600.0,11099280753800.0,10641654755100.0,9872192228180.0,9151556058770.0,8415899181850.0,7714936119010.0,7023150659760.0,6373619075790.0,5764390691450.0,5207245485580.0,4700557886380.0,4359623282430.0,4208411829720.0,4184207101400.0,4157033099250.0,4123295981910.0,4061191736360.0,3968689659180.0,3859114532760.0,3738544788450.0,3617699948600.0,3510917436850.0,3402684664750.0,3293844623370.0,3163153078680.0
FRIDAv2.1,HD_D4,World,Capacity|Electricity|Hydro,GW,478.7958486,556.012660224,623.689871896,695.860696053,745.880876782,811.491732919,929.681907881,1082.54821055,1194.05488725,1251.47809326,1198.08264425,1235.55708989,1340.70357381,1472.29389268,1590.74016325,1685.80789787,1751.02396305,1796.38993114,1821.06798533,1832.11164319,1831.45483693,1846.63916424,1891.59395332,1942.19272612,1980.32666623,2008.96775316,2023.35624297,2029.32958686,2027.62995122,2023.98628122,2018.4026979,2013.16539854,2007.29359223,2002.70331913,1997.80194036
FRIDAv2.1,HD_D4,World,Capacity|Electricity|Nuclear,GW,97.56176128,164.511335446,222.428699818,294.029060318,339.045160728,351.419086157,358.176855823,366.266760316,386.895374554,409.800636128,695.992619189,1155.06015376,1819.30269522,2677.48647669,3676.69488648,4740.61277314,5753.03448634,6713.08195684,7576.6092467,8363.00522988,9074.09953075,9573.9253009,9859.22073215,10081.8808858,10331.7334132,10577.6454692,10788.6410011,10917.9589104,11014.8507331,11097.2501146,11173.911099,11250.1661459,11326.3287886,11413.3875789,11485.2112337
FRIDAv2.1,HD_D4,World,Secondary Energy,TWh/Year,28005.3587678,29222.3805356,32126.247648,36470.9426711,40779.6499311,47138.0270274,52206.1849734,58165.3187832,61916.1407411,68556.5168745,74988.8279095,78200.2008216,79990.5485106,85723.3091892,92057.3026079,98611.1802048,103798.409399,108575.974961,111995.044585,115430.437971,118545.34277,120731.688356,122167.315768,124144.367789,126521.031261,129267.946881,131182.973726,132232.34715,132603.483427,132913.7635,132731.787217,133126.812275,133888.276144,134546.687175,134898.342154
FRIDAv2.1,HD_D4,World,Secondary Energy|Coal,TWh/Year,8227.64508506,8036.99264307,8310.24942524,9479.29896101,10902.0570409,13519.2827588,15832.098387,16965.7691653,17326.2934671,18853.0996421,19195.101635,16051.0281817,12090.3279436,9270.68616927,7044.74633981,5310.94986811,3984.86337808,2974.39364736,2209.90901328,1631.73840671,1197.05998854,873.431830318,634.227167838,457.681405984,326.68142281,232.180190945,163.579322341,114.702326897,79.868365966,55.2624334757,38.1003162959,26.119359476,17.8195748988,12.0977588939,8.18911211701
FRIDAv2.1,HD_D4,World,Secondary Energy|Gas,TWh/Year,5166.98073528,5617.97630157,6532.45483047,7739.26316423,8793.97946518,10311.695909,11585.0287646,13585.6147137,15071.1406124,17047.8081461,18144.7287198,18461.8625537,17431.8879185,16463.7370453,15071.2071702,13545.3875112,11892.0271344,10363.1275188,8958.41485247,7701.30262417,6621.26787878,5843.86844551,5445.56648233,5201.64745359,4937.63908712,4660.2066017,4357.70103042,4024.85736289,3699.67701388,3387.71168528,3086.60475146,2830.53272638,2596.21123879,2366.97276266,2154.60336153
FRIDAv2.1,HD_D4,World,Secondary Energy|Oil,TWh/Year,12027.4682827,12159.2806446,13199.2416545,14325.860125,15605.3464966,17383.8120486,17987.7173981,19401.1739561,19676.481211,20022.5071969,20154.036129,19186.9981524,17176.3647793,15450.4134765,13656.2859744,11955.5993846,10345.3887894,8946.32429519,7676.81148414,6562.91108358,5613.13399755,4932.01782715,4532.79745218,4258.75347199,4004.03704628,3761.67975043,3524.73755242,3261.71491271,3002.07744893,2749.06004797,2510.64614685,2296.69749911,2079.75811581,1874.78599525,1666.94161376
FRIDAv2.1,HD_D4,World,Secondary Energy|Electricity|Nuclear,TWh/Year,731.69378745,1233.90081314,1668.45729563,2205.31731216,2541.86516077,2635.70397933,2686.25479118,2746.42911475,2794.28260181,2959.55309,5024.97212216,8340.83828181,12487.7170065,18376.9651479,25232.4694837,32542.7295766,39481.2155579,46056.2871217,51984.5587345,57388.2650036,62304.7789992,65756.9340136,67636.6365722,69194.3680303,70903.9981908,72591.5415912,74017.5028135,74969.0669971,75554.2098052,76177.7332634,76739.9980802,77224.653066,77777.5994817,78327.9848888,78811.1278008
FRIDAv2.1,HD_D4,World,Secondary Energy|Biomass,TWh/Year,8.6891346787,30.54426323,27.1887587997,46.9718734992,72.3423909709,91.2038056116,244.517204406,355.926962116,453.327658339,578.796025298,469.12421297,546.989745414,972.088072343,1738.00977221,2663.61297807,3636.92749125,4479.73627559,5162.03962999,5662.40619645,6043.68694148,6265.46730633,6504.91504745,6892.88546412,7389.07635713,7834.7134796,8211.77023267,8455.44216957,8574.78315401,8616.74364436,8565.96420667,8536.98612785,8530.79251113,8565.23222656,8538.53663784,8516.33175507
FRIDAv2.1,HD_D4,World,Secondary Energy|Electricity|Hydro,TWh/Year,1841.24836071,2138.72301203,2398.31471854,2676.25455022,2868.64772559,3120.94380256,3574.69391292,4162.71180832,4504.16744218,4721.78028959,4521.93522437,4658.81525811,4968.2454561,5458.65467958,5897.32217064,6251.74827057,6491.48374554,6663.79009411,6749.09758335,6791.2903168,6789.90335961,6845.68188105,7011.30364067,7201.58414135,7341.32583644,7444.06913294,7503.96852649,7520.18815439,7520.23368826,7502.9806052,7482.22529136,7461.97534507,7443.89063172,7427.40534035,7406.98724147
FRIDAv2.1,HD_D4,World,Secondary Energy|Electricity|Solar,TWh/Year,1.26149537012,1.11018158711,0.946454379917,0.752706595395,6.982742388,43.872504457,52.390837562,112.321368101,519.0292253,1465.6781746,2892.52263265,4602.54646189,6620.75339718,8790.54616734,10682.2521681,12210.6383206,13211.9889894,13942.7861233,14312.6862013,14740.2224837,15076.2838741,15299.6427381,15361.6846766,15686.8832649,16146.07325,16710.018662,17280.9345012,17741.7625447,17994.5471645,18076.2867483,18116.1353254,18311.5123622,18653.0298191,19011.9428488,19195.9882336
FRIDAv2.1,HD_D4,World,Secondary Energy|Electricity|Wind,TWh/Year,1.3698312236,1.20565540342,1.02784441688,0.817447806685,0.806615686455,28.0980842834,233.354792733,760.602321785,1510.23103578,2881.28866399,4611.27523823,6321.60963303,8127.39645059,10059.109064,11602.8355236,12849.7932709,13547.4460626,13979.5692493,14183.3975467,14346.1785001,14412.2266328,14386.3983856,14237.3928006,14288.9664245,14417.6452982,14799.4864022,15034.5859247,15191.9258818,15278.2279718,15260.6367227,15250.0432302,15316.7035412,15449.2675056,15565.6186484,15700.3008694
FRIDAv2.1,HD_D4,World,Capacity|Electricity,GW,1835.5911828131048,1993.5481026752047,2221.0816071794293,2542.188580777243,2833.9611579128155,3260.9631812230264,3736.742108762821,4443.74613000613,5474.507859709353,7076.242098041764,9176.138873242731,11371.048948143332,14090.058186426942,17077.490864688443,19834.506402739167,22279.16725472208,24071.73043939809,25525.520153072885,26560.905206182983,27532.840580785025,28346.888044832944,28874.20631186635,29114.762827087678,29557.89459925532,30158.65963601566,30937.384180942427,31596.693598068945,32058.04266080513,32303.643600493622,32399.8939448354,32474.293982876527,32679.939536428683,32993.431662043215,33319.73567002433,33561.27737838755
FRIDAv2.1,HD_D4,World,Capacity|Electricity|Coal,GW,535.3604678634931,522.9550007477055,540.7354078067123,616.8036995177739,709.3804238941781,879.6793575931506,1030.1707854554793,1103.9370347284246,1190.4918772869626,1295.39892812161,1318.897929528721,1102.8682336878535,894.9936530007635,686.2680085407218,521.4915005235947,393.1461946720667,294.9818605495036,220.18124308382815,163.58981739959793,120.79039742971463,88.61307129155172,64.65630610766438,46.94903996182617,33.88013587083703,24.1827848948447,17.18727549969221,12.109055762615519,8.490907362986425,5.912302871234435,4.09083421399746,2.8203983730815687,1.9335009819845093,1.3191045361213707,0.8955437334770988,0.6062038517586532
FRIDAv2.1,HD_D4,World,Capacity|Electricity|Gas,GW,241.8335732265753,262.94181320133566,305.7427489146918,362.22578736692924,411.5903630963242,482.625036836758,542.2216659230593,635.8563964174658,744.8621278302547,842.5551175667695,896.7683064421171,912.4420360158009,928.1866128727903,876.6359900173246,802.488680549971,721.2441597176119,633.2085450340518,551.8000273645331,477.00402718852104,410.0672302883752,352.55918544576383,311.1654046808978,289.9572285020987,276.96939963583304,262.91188431738016,248.13958196282093,232.0322261276825,214.30947355921526,196.99476570132103,180.3837111190072,164.3508278007127,150.71589469870284,138.23910108309826,126.03295991846797,114.72503756179188
FRIDAv2.1,HD_D4,World,Capacity|Electricity|Oil,GW,480.54953184303656,485.81600748972596,527.366961081621,572.3802561358448,623.5012869646118,694.5587005719178,718.6873389651827,775.1610598898401,830.1592175061356,844.7582028943841,850.3074651928947,809.507716429677,780.7397978133878,702.2878734103979,620.7370469556002,543.4335126324019,470.24250215453424,406.64899186452277,348.9441638548631,298.31259048693255,255.14112902562843,224.18146392778476,206.03517751375315,193.57869766864846,182.0007384634366,170.98455496990925,160.21451100864414,148.25899858292945,136.4573569910676,124.95662578239853,114.11968657273209,104.3947985579945,94.53396872399365,85.21710255238935,75.76967974400134
